GEO.id,GEO.id2,GEO.display-label,HD01_VD01,HD02_VD01,HD01_VD02,HD02_VD02,HD01_VD03,HD02_VD03,HD01_VD04,HD02_VD04,HD01_VD05,HD02_VD05,HD01_VD06,HD02_VD06,HD01_VD07,HD02_VD07
Id,Id2,Geography,Estimate; Total:,Margin of Error; Total:,Estimate; Household received Food Stamps/SNAP in the past 12 months:,Margin of Error; Household received Food Stamps/SNAP in the past 12 months:,Estimate; Household received Food Stamps/SNAP in the past 12 months: - Households with 1 or more persons with a disability,Margin of Error; Household received Food Stamps/SNAP in the past 12 months: - Households with 1 or more persons with a disability,Estimate; Household received Food Stamps/SNAP in the past 12 months: - Households with no persons with a disability,Margin of Error; Household received Food Stamps/SNAP in the past 12 months: - Households with no persons with a disability,Estimate; Household did not receive Food Stamps/SNAP in the past 12 months:,Margin of Error; Household did not receive Food Stamps/SNAP in the past 12 months:,Estimate; Household did not receive Food Stamps/SNAP in the past 12 months: - Households with 1 or more persons with a disability,Margin of Error; Household did not receive Food Stamps/SNAP in the past 12 months: - Households with 1 or more persons with a disability,Estimate; Household did not receive Food Stamps/SNAP in the past 12 months: - Households with no persons with a disability,Margin of Error; Household did not receive Food Stamps/SNAP in the past 12 months: - Households with no persons with a disability
1500000US250250001001,250250001001,"Block Group 1, Census Tract 1, Suffolk County, Massachusetts",543,125,89,69,30,30,59,66,454,113,109,68,345,104
1500000US250250001002,250250001002,"Block Group 2, Census Tract 1, Suffolk County, Massachusetts",405,110,0,12,0,12,0,12,405,110,28,25,377,110
1500000US250250001003,250250001003,"Block Group 3, Census Tract 1, Suffolk County, Massachusetts",191,76,0,12,0,12,0,12,191,76,85,66,106,60
1500000US250250001004,250250001004,"Block Group 4, Census Tract 1, Suffolk County, Massachusetts",363,112,18,24,5,9,13,21,345,105,26,24,319,107
1500000US250250002011,250250002011,"Block Group 1, Census Tract 2.01, Suffolk County, Massachusetts",381,69,33,38,33,38,0,12,348,66,18,20,330,66
1500000US250250002012,250250002012,"Block Group 2, Census Tract 2.01, Suffolk County, Massachusetts",146,62,17,18,8,12,9,14,129,59,8,13,121,59
1500000US250250002013,250250002013,"Block Group 3, Census Tract 2.01, Suffolk County, Massachusetts",503,86,38,39,0,12,38,39,465,84,67,43,398,85
1500000US250250002014,250250002014,"Block Group 4, Census Tract 2.01, Suffolk County, Massachusetts",311,72,11,18,0,12,11,18,300,70,21,19,279,71
1500000US250250002021,250250002021,"Block Group 1, Census Tract 2.02, Suffolk County, Massachusetts",438,92,32,24,32,24,0,12,406,94,65,47,341,87
1500000US250250002022,250250002022,"Block Group 2, Census Tract 2.02, Suffolk County, Massachusetts",372,73,20,24,0,12,20,24,352,74,9,16,343,74
1500000US250250002023,250250002023,"Block Group 3, Census Tract 2.02, Suffolk County, Massachusetts",314,82,37,39,16,19,21,32,277,80,8,13,269,78
1500000US250250002024,250250002024,"Block Group 4, Census Tract 2.02, Suffolk County, Massachusetts",216,84,115,70,67,57,48,46,101,62,9,13,92,62
1500000US250250003011,250250003011,"Block Group 1, Census Tract 3.01, Suffolk County, Massachusetts",261,60,7,11,0,12,7,11,254,59,37,29,217,67
1500000US250250003012,250250003012,"Block Group 2, Census Tract 3.01, Suffolk County, Massachusetts",296,88,55,60,0,12,55,60,241,77,61,59,180,62
1500000US250250003013,250250003013,"Block Group 3, Census Tract 3.01, Suffolk County, Massachusetts",231,64,0,12,0,12,0,12,231,64,37,46,194,75
1500000US250250003014,250250003014,"Block Group 4, Census Tract 3.01, Suffolk County, Massachusetts",306,68,21,23,10,15,11,17,285,68,36,26,249,67
1500000US250250003021,250250003021,"Block Group 1, Census Tract 3.02, Suffolk County, Massachusetts",494,88,31,34,24,33,7,11,463,89,99,52,364,88
1500000US250250003022,250250003022,"Block Group 2, Census Tract 3.02, Suffolk County, Massachusetts",710,82,9,12,9,12,0,12,701,83,82,45,619,87
1500000US250250004011,250250004011,"Block Group 1, Census Tract 4.01, Suffolk County, Massachusetts",651,110,29,32,11,20,18,27,622,112,39,29,583,116
1500000US250250004012,250250004012,"Block Group 2, Census Tract 4.01, Suffolk County, Massachusetts",394,113,0,12,0,12,0,12,394,113,15,23,379,116
1500000US250250004013,250250004013,"Block Group 3, Census Tract 4.01, Suffolk County, Massachusetts",368,82,16,26,16,26,0,12,352,86,13,21,339,84
1500000US250250004014,250250004014,"Block Group 4, Census Tract 4.01, Suffolk County, Massachusetts",1120,142,630,138,486,147,144,76,490,91,100,66,390,65
1500000US250250004021,250250004021,"Block Group 1, Census Tract 4.02, Suffolk County, Massachusetts",499,88,50,46,39,43,11,12,449,87,40,46,409,85
1500000US250250004022,250250004022,"Block Group 2, Census Tract 4.02, Suffolk County, Massachusetts",367,80,67,59,0,12,67,59,300,85,54,45,246,81
1500000US250250004023,250250004023,"Block Group 3, Census Tract 4.02, Suffolk County, Massachusetts",497,100,20,20,12,15,8,12,477,100,95,47,382,85
1500000US250250005021,250250005021,"Block Group 1, Census Tract 5.02, Suffolk County, Massachusetts",455,84,4,7,4,7,0,12,451,83,55,46,396,87
1500000US250250005022,250250005022,"Block Group 2, Census Tract 5.02, Suffolk County, Massachusetts",468,103,103,80,95,80,8,12,365,84,50,36,315,80
1500000US250250005023,250250005023,"Block Group 3, Census Tract 5.02, Suffolk County, Massachusetts",800,89,149,49,119,51,30,25,651,86,40,28,611,89
1500000US250250005024,250250005024,"Block Group 4, Census Tract 5.02, Suffolk County, Massachusetts",0,12,0,12,0,12,0,12,0,12,0,12,0,12
1500000US250250005031,250250005031,"Block Group 1, Census Tract 5.03, Suffolk County, Massachusetts",410,82,65,63,7,12,58,62,345,76,7,13,338,76
1500000US250250005032,250250005032,"Block Group 2, Census Tract 5.03, Suffolk County, Massachusetts",820,86,16,24,0,12,16,24,804,89,166,59,638,90
1500000US250250005041,250250005041,"Block Group 1, Census Tract 5.04, Suffolk County, Massachusetts",554,128,71,53,48,42,23,33,483,127,187,96,296,95
1500000US250250005042,250250005042,"Block Group 2, Census Tract 5.04, Suffolk County, Massachusetts",807,133,249,78,90,63,159,82,558,118,95,60,463,127
1500000US250250005043,250250005043,"Block Group 3, Census Tract 5.04, Suffolk County, Massachusetts",572,98,33,45,28,44,5,10,539,93,55,71,484,122
1500000US250250005044,250250005044,"Block Group 4, Census Tract 5.04, Suffolk County, Massachusetts",443,108,135,67,70,44,65,61,308,97,86,56,222,82
1500000US250250006011,250250006011,"Block Group 1, Census Tract 6.01, Suffolk County, Massachusetts",137,41,8,13,8,13,0,12,129,40,12,14,117,41
1500000US250250006012,250250006012,"Block Group 2, Census Tract 6.01, Suffolk County, Massachusetts",510,80,11,13,9,14,2,6,499,79,76,51,423,75
1500000US250250006013,250250006013,"Block Group 3, Census Tract 6.01, Suffolk County, Massachusetts",242,50,0,12,0,12,0,12,242,50,35,27,207,52
1500000US250250006014,250250006014,"Block Group 4, Census Tract 6.01, Suffolk County, Massachusetts",393,67,21,21,15,18,6,10,372,67,29,20,343,68
1500000US250250006021,250250006021,"Block Group 1, Census Tract 6.02, Suffolk County, Massachusetts",595,98,73,42,41,33,32,34,522,102,58,40,464,93
1500000US250250006022,250250006022,"Block Group 2, Census Tract 6.02, Suffolk County, Massachusetts",507,70,74,43,29,26,45,37,433,75,41,40,392,74
1500000US250250006023,250250006023,"Block Group 3, Census Tract 6.02, Suffolk County, Massachusetts",620,100,325,103,115,64,210,95,295,80,78,48,217,69
1500000US250250007011,250250007011,"Block Group 1, Census Tract 7.01, Suffolk County, Massachusetts",443,120,9,15,0,12,9,15,434,120,8,15,426,122
1500000US250250007012,250250007012,"Block Group 2, Census Tract 7.01, Suffolk County, Massachusetts",214,58,92,58,30,34,62,63,122,72,16,25,106,67
1500000US250250007013,250250007013,"Block Group 3, Census Tract 7.01, Suffolk County, Massachusetts",282,74,7,13,7,13,0,12,275,73,25,37,250,73
1500000US250250007014,250250007014,"Block Group 4, Census Tract 7.01, Suffolk County, Massachusetts",307,110,51,40,29,33,22,26,256,106,17,21,239,105
1500000US250250007015,250250007015,"Block Group 5, Census Tract 7.01, Suffolk County, Massachusetts",632,126,0,12,0,12,0,12,632,126,0,12,632,126
1500000US250250007031,250250007031,"Block Group 1, Census Tract 7.03, Suffolk County, Massachusetts",482,89,86,71,52,60,34,33,396,67,3,5,393,68
1500000US250250007032,250250007032,"Block Group 2, Census Tract 7.03, Suffolk County, Massachusetts",529,62,13,19,13,19,0,12,516,59,31,24,485,63
1500000US250250007041,250250007041,"Block Group 1, Census Tract 7.04, Suffolk County, Massachusetts",794,120,0,12,0,12,0,12,794,120,78,55,716,125
1500000US250250007042,250250007042,"Block Group 2, Census Tract 7.04, Suffolk County, Massachusetts",456,132,18,21,13,20,5,15,438,136,0,12,438,136
1500000US250250007043,250250007043,"Block Group 3, Census Tract 7.04, Suffolk County, Massachusetts",510,105,24,37,24,37,0,12,486,99,0,12,486,99
1500000US250250007044,250250007044,"Block Group 4, Census Tract 7.04, Suffolk County, Massachusetts",370,86,46,50,46,50,0,12,324,97,96,87,228,89
1500000US250250008021,250250008021,"Block Group 1, Census Tract 8.02, Suffolk County, Massachusetts",386,74,0,12,0,12,0,12,386,74,56,46,330,88
1500000US250250008022,250250008022,"Block Group 2, Census Tract 8.02, Suffolk County, Massachusetts",577,124,105,80,0,12,105,80,472,114,29,32,443,112
1500000US250250008023,250250008023,"Block Group 3, Census Tract 8.02, Suffolk County, Massachusetts",189,57,0,12,0,12,0,12,189,57,50,43,139,63
1500000US250250008024,250250008024,"Block Group 4, Census Tract 8.02, Suffolk County, Massachusetts",702,102,115,75,83,66,32,37,587,115,140,76,447,109
1500000US250250008025,250250008025,"Block Group 5, Census Tract 8.02, Suffolk County, Massachusetts",691,134,73,53,59,48,14,22,618,132,57,57,561,122
1500000US250250008031,250250008031,"Block Group 1, Census Tract 8.03, Suffolk County, Massachusetts",661,79,37,23,19,18,18,16,624,80,39,20,585,76
1500000US250250008032,250250008032,"Block Group 2, Census Tract 8.03, Suffolk County, Massachusetts",0,12,0,12,0,12,0,12,0,12,0,12,0,12
1500000US250250101031,250250101031,"Block Group 1, Census Tract 101.03, Suffolk County, Massachusetts",330,44,6,10,0,12,6,10,324,45,3,5,321,46
1500000US250250101032,250250101032,"Block Group 2, Census Tract 101.03, Suffolk County, Massachusetts",22,15,0,12,0,12,0,12,22,15,5,7,17,12
1500000US250250101033,250250101033,"Block Group 3, Census Tract 101.03, Suffolk County, Massachusetts",100,41,0,12,0,12,0,12,100,41,5,8,95,43
1500000US250250101041,250250101041,"Block Group 1, Census Tract 101.04, Suffolk County, Massachusetts",730,90,0,12,0,12,0,12,730,90,89,47,641,96
1500000US250250101042,250250101042,"Block Group 2, Census Tract 101.04, Suffolk County, Massachusetts",460,88,0,12,0,12,0,12,460,88,7,11,453,87
1500000US250250101043,250250101043,"Block Group 3, Census Tract 101.04, Suffolk County, Massachusetts",498,91,123,72,72,55,51,52,375,80,38,39,337,74
1500000US250250102031,250250102031,"Block Group 1, Census Tract 102.03, Suffolk County, Massachusetts",595,120,58,73,0,12,58,73,537,121,14,22,523,120
1500000US250250102032,250250102032,"Block Group 2, Census Tract 102.03, Suffolk County, Massachusetts",1172,184,110,67,29,33,81,77,1062,172,47,47,1015,172
1500000US250250102033,250250102033,"Block Group 3, Census Tract 102.03, Suffolk County, Massachusetts",1040,175,136,69,57,46,79,61,904,175,91,85,813,163
1500000US250250102034,250250102034,"Block Group 4, Census Tract 102.03, Suffolk County, Massachusetts",208,65,30,33,13,20,17,26,178,57,33,38,145,52
1500000US250250102041,250250102041,"Block Group 1, Census Tract 102.04, Suffolk County, Massachusetts",120,37,0,12,0,12,0,12,120,37,8,14,112,36
1500000US250250102042,250250102042,"Block Group 2, Census Tract 102.04, Suffolk County, Massachusetts",366,79,0,12,0,12,0,12,366,79,0,12,366,79
1500000US250250102043,250250102043,"Block Group 3, Census Tract 102.04, Suffolk County, Massachusetts",434,85,15,18,15,18,0,12,419,87,40,38,379,82
1500000US250250103001,250250103001,"Block Group 1, Census Tract 103, Suffolk County, Massachusetts",152,25,75,21,49,20,26,12,77,31,11,12,66,31
1500000US250250103002,250250103002,"Block Group 2, Census Tract 103, Suffolk County, Massachusetts",134,32,0,12,0,12,0,12,134,32,0,12,134,32
1500000US250250104031,250250104031,"Block Group 1, Census Tract 104.03, Suffolk County, Massachusetts",805,133,298,97,192,88,106,70,507,129,72,63,435,120
1500000US250250104032,250250104032,"Block Group 2, Census Tract 104.03, Suffolk County, Massachusetts",520,116,92,52,58,56,34,40,428,113,13,24,415,113
1500000US250250104033,250250104033,"Block Group 3, Census Tract 104.03, Suffolk County, Massachusetts",525,123,54,51,54,51,0,12,471,132,47,37,424,126
1500000US250250104041,250250104041,"Block Group 1, Census Tract 104.04, Suffolk County, Massachusetts",854,131,43,36,22,26,21,25,811,134,11,17,800,134
1500000US250250104042,250250104042,"Block Group 2, Census Tract 104.04, Suffolk County, Massachusetts",137,48,0,12,0,12,0,12,137,48,0,12,137,48
1500000US250250104043,250250104043,"Block Group 3, Census Tract 104.04, Suffolk County, Massachusetts",412,106,35,20,24,22,11,18,377,110,85,28,292,104
1500000US250250104051,250250104051,"Block Group 1, Census Tract 104.05, Suffolk County, Massachusetts",7,10,0,12,0,12,0,12,7,10,0,12,7,10
1500000US250250104052,250250104052,"Block Group 2, Census Tract 104.05, Suffolk County, Massachusetts",508,51,63,30,33,18,30,25,445,49,41,23,404,51
1500000US250250104053,250250104053,"Block Group 3, Census Tract 104.05, Suffolk County, Massachusetts",352,48,223,51,152,53,71,28,129,45,89,37,40,27
1500000US250250104081,250250104081,"Block Group 1, Census Tract 104.08, Suffolk County, Massachusetts",906,57,46,38,0,12,46,38,860,64,36,35,824,65
1500000US250250105001,250250105001,"Block Group 1, Census Tract 105, Suffolk County, Massachusetts",344,78,0,12,0,12,0,12,344,78,0,12,344,78
1500000US250250105002,250250105002,"Block Group 2, Census Tract 105, Suffolk County, Massachusetts",752,112,104,64,43,49,61,54,648,123,35,31,613,119
1500000US250250105003,250250105003,"Block Group 3, Census Tract 105, Suffolk County, Massachusetts",580,96,41,42,9,14,32,40,539,102,109,67,430,78
1500000US250250106001,250250106001,"Block Group 1, Census Tract 106, Suffolk County, Massachusetts",1233,144,73,56,30,23,43,54,1160,139,124,58,1036,142
1500000US250250106002,250250106002,"Block Group 2, Census Tract 106, Suffolk County, Massachusetts",765,110,165,67,104,54,61,51,600,121,70,47,530,112
1500000US250250107011,250250107011,"Block Group 1, Census Tract 107.01, Suffolk County, Massachusetts",508,115,0,12,0,12,0,12,508,115,9,13,499,116
1500000US250250107012,250250107012,"Block Group 2, Census Tract 107.01, Suffolk County, Massachusetts",540,115,0,12,0,12,0,12,540,115,35,42,505,121
1500000US250250107013,250250107013,"Block Group 3, Census Tract 107.01, Suffolk County, Massachusetts",453,85,5,11,5,11,0,12,448,86,20,21,428,87
1500000US250250107021,250250107021,"Block Group 1, Census Tract 107.02, Suffolk County, Massachusetts",485,103,0,12,0,12,0,12,485,103,0,12,485,103
1500000US250250107022,250250107022,"Block Group 2, Census Tract 107.02, Suffolk County, Massachusetts",319,76,0,12,0,12,0,12,319,76,0,12,319,76
1500000US250250107023,250250107023,"Block Group 3, Census Tract 107.02, Suffolk County, Massachusetts",507,80,18,27,18,27,0,12,489,75,21,20,468,75
1500000US250250108011,250250108011,"Block Group 1, Census Tract 108.01, Suffolk County, Massachusetts",372,92,0,12,0,12,0,12,372,92,7,12,365,93
1500000US250250108012,250250108012,"Block Group 2, Census Tract 108.01, Suffolk County, Massachusetts",641,103,0,12,0,12,0,12,641,103,80,49,561,108
1500000US250250108013,250250108013,"Block Group 3, Census Tract 108.01, Suffolk County, Massachusetts",728,112,0,12,0,12,0,12,728,112,28,26,700,115
1500000US250250108021,250250108021,"Block Group 1, Census Tract 108.02, Suffolk County, Massachusetts",557,117,0,12,0,12,0,12,557,117,33,22,524,114
1500000US250250108022,250250108022,"Block Group 2, Census Tract 108.02, Suffolk County, Massachusetts",786,118,0,12,0,12,0,12,786,118,53,46,733,122
1500000US250250108023,250250108023,"Block Group 3, Census Tract 108.02, Suffolk County, Massachusetts",330,67,8,13,0,12,8,13,322,68,10,12,312,68
1500000US250250201011,250250201011,"Block Group 1, Census Tract 201.01, Suffolk County, Massachusetts",465,163,0,12,0,12,0,12,465,163,53,85,412,148
1500000US250250201012,250250201012,"Block Group 2, Census Tract 201.01, Suffolk County, Massachusetts",645,161,0,12,0,12,0,12,645,161,42,41,603,161
1500000US250250201013,250250201013,"Block Group 3, Census Tract 201.01, Suffolk County, Massachusetts",756,147,0,12,0,12,0,12,756,147,15,25,741,149
1500000US250250201014,250250201014,"Block Group 4, Census Tract 201.01, Suffolk County, Massachusetts",781,151,0,12,0,12,0,12,781,151,10,15,771,153
1500000US250250202001,250250202001,"Block Group 1, Census Tract 202, Suffolk County, Massachusetts",884,139,102,49,29,25,73,47,782,137,67,69,715,118
1500000US250250202002,250250202002,"Block Group 2, Census Tract 202, Suffolk County, Massachusetts",700,123,94,57,83,53,11,17,606,115,0,12,606,115
1500000US250250202003,250250202003,"Block Group 3, Census Tract 202, Suffolk County, Massachusetts",610,96,36,58,0,12,36,58,574,97,12,20,562,98
1500000US250250203011,250250203011,"Block Group 1, Census Tract 203.01, Suffolk County, Massachusetts",176,57,129,53,58,30,71,52,47,37,8,13,39,35
1500000US250250203012,250250203012,"Block Group 2, Census Tract 203.01, Suffolk County, Massachusetts",1120,109,0,12,0,12,0,12,1120,109,66,41,1054,115
1500000US250250203021,250250203021,"Block Group 1, Census Tract 203.02, Suffolk County, Massachusetts",582,55,0,12,0,12,0,12,582,55,26,25,556,55
1500000US250250203031,250250203031,"Block Group 1, Census Tract 203.03, Suffolk County, Massachusetts",652,137,11,18,11,18,0,12,641,136,45,36,596,143
1500000US250250203032,250250203032,"Block Group 2, Census Tract 203.03, Suffolk County, Massachusetts",272,70,0,12,0,12,0,12,272,70,18,21,254,72
1500000US250250203033,250250203033,"Block Group 3, Census Tract 203.03, Suffolk County, Massachusetts",791,113,63,45,53,42,10,16,728,114,170,96,558,114
1500000US250250301001,250250301001,"Block Group 1, Census Tract 301, Suffolk County, Massachusetts",828,96,38,29,21,22,17,20,790,96,58,38,732,97
1500000US250250301002,250250301002,"Block Group 2, Census Tract 301, Suffolk County, Massachusetts",469,94,0,12,0,12,0,12,469,94,20,22,449,90
1500000US250250302001,250250302001,"Block Group 1, Census Tract 302, Suffolk County, Massachusetts",1052,78,35,29,35,29,0,12,1017,81,128,70,889,89
1500000US250250303001,250250303001,"Block Group 1, Census Tract 303, Suffolk County, Massachusetts",1436,160,108,73,108,73,0,12,1328,174,128,78,1200,174
1500000US250250303002,250250303002,"Block Group 2, Census Tract 303, Suffolk County, Massachusetts",410,105,71,43,41,39,30,35,339,96,0,12,339,96
1500000US250250303003,250250303003,"Block Group 3, Census Tract 303, Suffolk County, Massachusetts",508,135,39,35,24,27,15,23,469,138,53,65,416,131
1500000US250250303004,250250303004,"Block Group 4, Census Tract 303, Suffolk County, Massachusetts",345,84,0,12,0,12,0,12,345,84,15,23,330,84
1500000US250250304001,250250304001,"Block Group 1, Census Tract 304, Suffolk County, Massachusetts",877,96,5,10,0,12,5,10,872,94,141,72,731,102
1500000US250250304002,250250304002,"Block Group 2, Census Tract 304, Suffolk County, Massachusetts",633,99,9,9,0,12,9,9,624,99,98,62,526,110
1500000US250250305001,250250305001,"Block Group 1, Census Tract 305, Suffolk County, Massachusetts",312,50,0,12,0,12,0,12,312,50,38,31,274,54
1500000US250250305002,250250305002,"Block Group 2, Census Tract 305, Suffolk County, Massachusetts",642,92,0,12,0,12,0,12,642,92,12,13,630,92
1500000US250250305003,250250305003,"Block Group 3, Census Tract 305, Suffolk County, Massachusetts",531,94,13,19,0,12,13,19,518,95,15,16,503,97
1500000US250250401001,250250401001,"Block Group 1, Census Tract 401, Suffolk County, Massachusetts",472,70,41,36,12,13,29,34,431,69,63,48,368,65
1500000US250250401002,250250401002,"Block Group 2, Census Tract 401, Suffolk County, Massachusetts",696,86,20,16,6,10,14,16,676,89,22,20,654,89
1500000US250250402001,250250402001,"Block Group 1, Census Tract 402, Suffolk County, Massachusetts",292,51,193,53,79,39,114,53,99,44,28,22,71,38
1500000US250250402002,250250402002,"Block Group 2, Census Tract 402, Suffolk County, Massachusetts",378,46,16,12,5,8,11,9,362,46,78,30,284,52
1500000US250250403001,250250403001,"Block Group 1, Census Tract 403, Suffolk County, Massachusetts",366,137,287,127,127,75,160,111,79,73,14,12,65,73
1500000US250250403002,250250403002,"Block Group 2, Census Tract 403, Suffolk County, Massachusetts",723,110,0,12,0,12,0,12,723,110,29,27,694,112
1500000US250250403003,250250403003,"Block Group 3, Census Tract 403, Suffolk County, Massachusetts",302,77,11,17,0,12,11,17,291,77,9,14,282,79
1500000US250250403004,250250403004,"Block Group 4, Census Tract 403, Suffolk County, Massachusetts",305,92,42,68,0,12,42,68,263,73,31,25,232,73
1500000US250250403005,250250403005,"Block Group 5, Census Tract 403, Suffolk County, Massachusetts",264,55,8,13,8,13,0,12,256,56,9,14,247,57
1500000US250250404011,250250404011,"Block Group 1, Census Tract 404.01, Suffolk County, Massachusetts",804,91,281,103,210,101,71,43,523,116,139,62,384,108
1500000US250250404012,250250404012,"Block Group 2, Census Tract 404.01, Suffolk County, Massachusetts",389,78,16,20,4,7,12,19,373,81,96,67,277,67
1500000US250250406001,250250406001,"Block Group 1, Census Tract 406, Suffolk County, Massachusetts",474,73,28,34,7,11,21,32,446,78,23,18,423,81
1500000US250250406002,250250406002,"Block Group 2, Census Tract 406, Suffolk County, Massachusetts",860,77,49,27,19,29,30,24,811,78,91,48,720,94
1500000US250250408011,250250408011,"Block Group 1, Census Tract 408.01, Suffolk County, Massachusetts",498,94,349,89,94,63,255,80,149,79,34,29,115,77
1500000US250250408012,250250408012,"Block Group 2, Census Tract 408.01, Suffolk County, Massachusetts",328,99,180,75,54,45,126,63,148,92,34,53,114,79
1500000US250250408013,250250408013,"Block Group 3, Census Tract 408.01, Suffolk County, Massachusetts",1306,129,28,34,20,30,8,14,1278,125,82,56,1196,136
1500000US250250501011,250250501011,"Block Group 1, Census Tract 501.01, Suffolk County, Massachusetts",514,79,114,64,70,44,44,48,400,82,90,62,310,84
1500000US250250501012,250250501012,"Block Group 2, Census Tract 501.01, Suffolk County, Massachusetts",771,110,330,97,251,84,79,60,441,109,59,44,382,102
1500000US250250501013,250250501013,"Block Group 3, Census Tract 501.01, Suffolk County, Massachusetts",580,84,53,48,53,48,0,12,527,87,113,63,414,96
1500000US250250502001,250250502001,"Block Group 1, Census Tract 502, Suffolk County, Massachusetts",798,132,153,87,35,41,118,79,645,123,175,86,470,135
1500000US250250502002,250250502002,"Block Group 2, Census Tract 502, Suffolk County, Massachusetts",462,101,121,64,92,63,29,27,341,88,80,58,261,80
1500000US250250502003,250250502003,"Block Group 3, Census Tract 502, Suffolk County, Massachusetts",296,98,18,29,18,29,0,12,278,97,48,50,230,91
1500000US250250502004,250250502004,"Block Group 4, Census Tract 502, Suffolk County, Massachusetts",327,103,97,50,28,36,69,43,230,105,53,46,177,93
1500000US250250503001,250250503001,"Block Group 1, Census Tract 503, Suffolk County, Massachusetts",225,51,30,21,24,19,6,9,195,53,34,25,161,54
1500000US250250503002,250250503002,"Block Group 2, Census Tract 503, Suffolk County, Massachusetts",780,64,483,83,288,75,195,49,297,64,116,49,181,54
1500000US250250504001,250250504001,"Block Group 1, Census Tract 504, Suffolk County, Massachusetts",282,61,36,31,19,26,17,22,246,58,66,44,180,61
1500000US250250504002,250250504002,"Block Group 2, Census Tract 504, Suffolk County, Massachusetts",691,69,143,63,60,36,83,48,548,67,87,44,461,67
1500000US250250505001,250250505001,"Block Group 1, Census Tract 505, Suffolk County, Massachusetts",732,42,111,45,40,29,71,36,621,61,144,50,477,61
1500000US250250506001,250250506001,"Block Group 1, Census Tract 506, Suffolk County, Massachusetts",460,82,79,54,6,9,73,51,381,78,66,39,315,76
1500000US250250506002,250250506002,"Block Group 2, Census Tract 506, Suffolk County, Massachusetts",347,83,8,9,0,12,8,9,339,83,42,31,297,77
1500000US250250507001,250250507001,"Block Group 1, Census Tract 507, Suffolk County, Massachusetts",850,107,192,81,81,52,111,67,658,117,161,68,497,108
1500000US250250507002,250250507002,"Block Group 2, Census Tract 507, Suffolk County, Massachusetts",327,89,81,58,30,29,51,49,246,89,23,21,223,89
1500000US250250507003,250250507003,"Block Group 3, Census Tract 507, Suffolk County, Massachusetts",389,92,75,50,0,12,75,50,314,91,90,52,224,81
1500000US250250509011,250250509011,"Block Group 1, Census Tract 509.01, Suffolk County, Massachusetts",437,90,74,40,56,41,18,21,363,88,117,67,246,90
1500000US250250509012,250250509012,"Block Group 2, Census Tract 509.01, Suffolk County, Massachusetts",781,87,185,73,71,35,114,75,596,102,133,55,463,103
1500000US250250509013,250250509013,"Block Group 3, Census Tract 509.01, Suffolk County, Massachusetts",212,60,61,51,20,30,41,42,151,52,23,27,128,55
1500000US250250510001,250250510001,"Block Group 1, Census Tract 510, Suffolk County, Massachusetts",850,119,95,70,37,35,58,55,755,119,218,83,537,132
1500000US250250510002,250250510002,"Block Group 2, Census Tract 510, Suffolk County, Massachusetts",419,72,124,60,61,49,63,33,295,69,130,56,165,58
1500000US250250510003,250250510003,"Block Group 3, Census Tract 510, Suffolk County, Massachusetts",507,96,61,51,39,52,22,21,446,87,188,90,258,86
1500000US250250511011,250250511011,"Block Group 1, Census Tract 511.01, Suffolk County, Massachusetts",535,131,17,28,0,12,17,28,518,133,102,80,416,132
1500000US250250511012,250250511012,"Block Group 2, Census Tract 511.01, Suffolk County, Massachusetts",802,143,333,146,81,77,252,146,469,132,145,81,324,127
1500000US250250511013,250250511013,"Block Group 3, Census Tract 511.01, Suffolk County, Massachusetts",647,152,43,53,32,51,11,17,604,146,246,115,358,120
1500000US250250511014,250250511014,"Block Group 4, Census Tract 511.01, Suffolk County, Massachusetts",404,119,25,28,25,28,0,12,379,122,69,48,310,127
1500000US250250512001,250250512001,"Block Group 1, Census Tract 512, Suffolk County, Massachusetts",45,52,9,14,9,14,0,12,36,57,36,57,0,12
1500000US250250512002,250250512002,"Block Group 2, Census Tract 512, Suffolk County, Massachusetts",720,102,178,96,82,58,96,78,542,108,62,44,480,105
1500000US250250512003,250250512003,"Block Group 3, Census Tract 512, Suffolk County, Massachusetts",373,78,25,28,10,17,15,23,348,79,55,42,293,79
1500000US250250601011,250250601011,"Block Group 1, Census Tract 601.01, Suffolk County, Massachusetts",416,60,18,23,6,11,12,19,398,61,80,51,318,71
1500000US250250601012,250250601012,"Block Group 2, Census Tract 601.01, Suffolk County, Massachusetts",351,80,28,25,18,20,10,15,323,78,48,34,275,76
1500000US250250601013,250250601013,"Block Group 3, Census Tract 601.01, Suffolk County, Massachusetts",423,74,17,26,0,12,17,26,406,75,75,45,331,82
1500000US250250601014,250250601014,"Block Group 4, Census Tract 601.01, Suffolk County, Massachusetts",458,80,7,12,0,12,7,12,451,79,34,28,417,79
1500000US250250602001,250250602001,"Block Group 1, Census Tract 602, Suffolk County, Massachusetts",481,66,30,32,6,9,24,31,451,63,46,26,405,69
1500000US250250602002,250250602002,"Block Group 2, Census Tract 602, Suffolk County, Massachusetts",534,70,27,23,0,12,27,23,507,71,80,39,427,77
1500000US250250603011,250250603011,"Block Group 1, Census Tract 603.01, Suffolk County, Massachusetts",710,97,147,66,89,54,58,40,563,106,87,49,476,90
1500000US250250603012,250250603012,"Block Group 2, Census Tract 603.01, Suffolk County, Massachusetts",335,75,40,31,26,25,14,16,295,72,24,22,271,72
1500000US250250603013,250250603013,"Block Group 3, Census Tract 603.01, Suffolk County, Massachusetts",534,83,46,54,21,33,25,42,488,81,61,40,427,79
1500000US250250604001,250250604001,"Block Group 1, Census Tract 604, Suffolk County, Massachusetts",496,103,26,41,26,41,0,12,470,111,121,64,349,112
1500000US250250604002,250250604002,"Block Group 2, Census Tract 604, Suffolk County, Massachusetts",623,137,0,12,0,12,0,12,623,137,56,77,567,126
1500000US250250604003,250250604003,"Block Group 3, Census Tract 604, Suffolk County, Massachusetts",606,164,59,72,43,68,16,27,547,157,146,84,401,161
1500000US250250604004,250250604004,"Block Group 4, Census Tract 604, Suffolk County, Massachusetts",570,133,69,53,39,54,30,36,501,134,162,111,339,104
1500000US250250604005,250250604005,"Block Group 5, Census Tract 604, Suffolk County, Massachusetts",291,107,5,12,0,12,5,12,286,106,7,14,279,109
1500000US250250605011,250250605011,"Block Group 1, Census Tract 605.01, Suffolk County, Massachusetts",391,83,54,53,0,12,54,53,337,79,32,23,305,83
1500000US250250605012,250250605012,"Block Group 2, Census Tract 605.01, Suffolk County, Massachusetts",486,98,7,10,7,10,0,12,479,97,61,44,418,100
1500000US250250605013,250250605013,"Block Group 3, Census Tract 605.01, Suffolk County, Massachusetts",398,63,13,14,7,11,6,9,385,63,46,34,339,65
1500000US250250605014,250250605014,"Block Group 4, Census Tract 605.01, Suffolk County, Massachusetts",318,69,0,12,0,12,0,12,318,69,15,18,303,70
1500000US250250605015,250250605015,"Block Group 5, Census Tract 605.01, Suffolk County, Massachusetts",311,59,43,42,25,39,18,20,268,52,3,5,265,53
1500000US250250606001,250250606001,"Block Group 1, Census Tract 606, Suffolk County, Massachusetts",1421,127,81,63,37,47,44,38,1340,135,142,58,1198,143
1500000US250250607001,250250607001,"Block Group 1, Census Tract 607, Suffolk County, Massachusetts",245,56,115,51,69,43,46,31,130,54,40,33,90,46
1500000US250250607002,250250607002,"Block Group 2, Census Tract 607, Suffolk County, Massachusetts",556,63,287,76,125,44,162,66,269,70,106,45,163,62
1500000US250250608001,250250608001,"Block Group 1, Census Tract 608, Suffolk County, Massachusetts",291,123,61,91,61,91,0,12,230,92,95,69,135,71
1500000US250250608002,250250608002,"Block Group 2, Census Tract 608, Suffolk County, Massachusetts",442,148,36,49,36,49,0,12,406,148,51,49,355,146
1500000US250250608003,250250608003,"Block Group 3, Census Tract 608, Suffolk County, Massachusetts",496,141,22,36,22,36,0,12,474,148,64,54,410,150
1500000US250250608004,250250608004,"Block Group 4, Census Tract 608, Suffolk County, Massachusetts",894,165,187,136,139,127,48,60,707,161,168,84,539,153
1500000US250250610001,250250610001,"Block Group 1, Census Tract 610, Suffolk County, Massachusetts",493,97,24,24,24,24,0,12,469,102,41,38,428,105
1500000US250250610002,250250610002,"Block Group 2, Census Tract 610, Suffolk County, Massachusetts",645,112,439,106,240,98,199,90,206,95,19,21,187,96
1500000US250250610003,250250610003,"Block Group 3, Census Tract 610, Suffolk County, Massachusetts",171,89,103,73,45,47,58,55,68,71,0,12,68,71
1500000US250250611011,250250611011,"Block Group 1, Census Tract 611.01, Suffolk County, Massachusetts",231,53,91,42,41,28,50,32,140,49,40,31,100,43
1500000US250250611012,250250611012,"Block Group 2, Census Tract 611.01, Suffolk County, Massachusetts",806,73,473,79,220,69,253,66,333,79,83,35,250,72
1500000US250250612001,250250612001,"Block Group 1, Census Tract 612, Suffolk County, Massachusetts",1415,147,36,31,6,10,30,28,1379,152,57,51,1322,157
1500000US250250612002,250250612002,"Block Group 2, Census Tract 612, Suffolk County, Massachusetts",259,74,85,65,42,47,43,43,174,62,32,32,142,56
1500000US250250612003,250250612003,"Block Group 3, Census Tract 612, Suffolk County, Massachusetts",352,80,19,30,0,12,19,30,333,79,31,32,302,82
1500000US250250701011,250250701011,"Block Group 1, Census Tract 701.01, Suffolk County, Massachusetts",598,119,0,12,0,12,0,12,598,119,133,62,465,114
1500000US250250701012,250250701012,"Block Group 2, Census Tract 701.01, Suffolk County, Massachusetts",111,85,0,12,0,12,0,12,111,85,0,12,111,85
1500000US250250701013,250250701013,"Block Group 3, Census Tract 701.01, Suffolk County, Massachusetts",366,97,103,65,93,65,10,17,263,80,21,24,242,77
1500000US250250701014,250250701014,"Block Group 4, Census Tract 701.01, Suffolk County, Massachusetts",592,140,56,42,25,28,31,36,536,143,139,83,397,130
1500000US250250701015,250250701015,"Block Group 5, Census Tract 701.01, Suffolk County, Massachusetts",92,34,0,12,0,12,0,12,92,34,20,24,72,43
1500000US250250701016,250250701016,"Block Group 6, Census Tract 701.01, Suffolk County, Massachusetts",396,121,0,12,0,12,0,12,396,121,15,24,381,126
1500000US250250701017,250250701017,"Block Group 7, Census Tract 701.01, Suffolk County, Massachusetts",564,145,78,44,13,21,65,38,486,141,15,25,471,140
1500000US250250701018,250250701018,"Block Group 8, Census Tract 701.01, Suffolk County, Massachusetts",122,87,0,12,0,12,0,12,122,87,0,12,122,87
1500000US250250702001,250250702001,"Block Group 1, Census Tract 702, Suffolk County, Massachusetts",509,113,106,78,13,16,93,75,403,110,27,28,376,108
1500000US250250702002,250250702002,"Block Group 2, Census Tract 702, Suffolk County, Massachusetts",503,116,207,97,46,52,161,86,296,103,102,64,194,82
1500000US250250702003,250250702003,"Block Group 3, Census Tract 702, Suffolk County, Massachusetts",646,117,346,117,115,74,231,113,300,89,59,58,241,79
1500000US250250703001,250250703001,"Block Group 1, Census Tract 703, Suffolk County, Massachusetts",549,111,72,66,61,74,11,17,477,99,50,40,427,109
1500000US250250703002,250250703002,"Block Group 2, Census Tract 703, Suffolk County, Massachusetts",475,121,87,58,0,12,87,58,388,104,0,12,388,104
1500000US250250703003,250250703003,"Block Group 3, Census Tract 703, Suffolk County, Massachusetts",710,133,107,89,107,89,0,12,603,126,39,32,564,134
1500000US250250703004,250250703004,"Block Group 4, Census Tract 703, Suffolk County, Massachusetts",727,104,0,12,0,12,0,12,727,104,15,20,712,108
1500000US250250704021,250250704021,"Block Group 1, Census Tract 704.02, Suffolk County, Massachusetts",686,47,305,53,112,40,193,57,381,63,104,39,277,57
1500000US250250705001,250250705001,"Block Group 1, Census Tract 705, Suffolk County, Massachusetts",1204,165,26,42,0,12,26,42,1178,161,50,47,1128,164
1500000US250250705002,250250705002,"Block Group 2, Census Tract 705, Suffolk County, Massachusetts",424,138,300,132,165,125,135,108,124,85,0,12,124,85
1500000US250250705003,250250705003,"Block Group 3, Census Tract 705, Suffolk County, Massachusetts",695,138,103,66,69,56,34,36,592,132,14,23,578,130
1500000US250250705004,250250705004,"Block Group 4, Census Tract 705, Suffolk County, Massachusetts",653,111,193,86,89,66,104,66,460,94,40,45,420,90
1500000US250250706001,250250706001,"Block Group 1, Census Tract 706, Suffolk County, Massachusetts",625,92,10,16,0,12,10,16,615,91,28,25,587,92
1500000US250250706002,250250706002,"Block Group 2, Census Tract 706, Suffolk County, Massachusetts",636,85,0,12,0,12,0,12,636,85,21,23,615,85
1500000US250250707001,250250707001,"Block Group 1, Census Tract 707, Suffolk County, Massachusetts",763,100,33,29,0,12,33,29,730,102,133,81,597,109
1500000US250250707002,250250707002,"Block Group 2, Census Tract 707, Suffolk County, Massachusetts",598,94,31,27,17,18,14,22,567,96,34,30,533,103
1500000US250250708001,250250708001,"Block Group 1, Census Tract 708, Suffolk County, Massachusetts",945,176,133,89,89,77,44,54,812,167,70,79,742,182
1500000US250250708002,250250708002,"Block Group 2, Census Tract 708, Suffolk County, Massachusetts",646,133,55,49,14,23,41,44,591,133,72,67,519,135
1500000US250250708003,250250708003,"Block Group 3, Census Tract 708, Suffolk County, Massachusetts",449,107,0,12,0,12,0,12,449,107,34,36,415,109
1500000US250250709001,250250709001,"Block Group 1, Census Tract 709, Suffolk County, Massachusetts",1049,135,204,85,85,59,119,60,845,125,41,35,804,120
1500000US250250709002,250250709002,"Block Group 2, Census Tract 709, Suffolk County, Massachusetts",490,85,170,65,100,50,70,47,320,96,53,44,267,92
1500000US250250711011,250250711011,"Block Group 1, Census Tract 711.01, Suffolk County, Massachusetts",905,155,211,98,97,74,114,91,694,143,65,59,629,129
1500000US250250711012,250250711012,"Block Group 2, Census Tract 711.01, Suffolk County, Massachusetts",624,119,54,48,18,30,36,38,570,121,15,24,555,120
1500000US250250711013,250250711013,"Block Group 3, Census Tract 711.01, Suffolk County, Massachusetts",567,137,177,110,92,75,85,85,390,158,56,70,334,148
1500000US250250712011,250250712011,"Block Group 1, Census Tract 712.01, Suffolk County, Massachusetts",715,113,93,58,9,13,84,59,622,98,80,56,542,88
1500000US250250712012,250250712012,"Block Group 2, Census Tract 712.01, Suffolk County, Massachusetts",643,101,434,107,223,99,211,88,209,72,78,57,131,49
1500000US250250801001,250250801001,"Block Group 1, Census Tract 801, Suffolk County, Massachusetts",427,56,82,40,28,22,54,36,345,65,89,39,256,65
1500000US250250801002,250250801002,"Block Group 2, Census Tract 801, Suffolk County, Massachusetts",266,55,102,47,20,23,82,38,164,55,31,25,133,51
1500000US250250803001,250250803001,"Block Group 1, Census Tract 803, Suffolk County, Massachusetts",801,66,257,68,125,54,132,54,544,82,130,58,414,84
1500000US250250804011,250250804011,"Block Group 1, Census Tract 804.01, Suffolk County, Massachusetts",528,86,236,60,93,46,143,54,292,82,35,35,257,75
1500000US250250804012,250250804012,"Block Group 2, Census Tract 804.01, Suffolk County, Massachusetts",818,79,412,101,196,85,216,80,406,99,180,71,226,72
1500000US250250805001,250250805001,"Block Group 1, Census Tract 805, Suffolk County, Massachusetts",446,84,133,75,37,29,96,66,313,77,106,64,207,72
1500000US250250805002,250250805002,"Block Group 2, Census Tract 805, Suffolk County, Massachusetts",908,97,495,98,219,84,276,92,413,112,87,59,326,100
1500000US250250806011,250250806011,"Block Group 1, Census Tract 806.01, Suffolk County, Massachusetts",355,61,113,50,32,32,81,47,242,50,35,21,207,44
1500000US250250806012,250250806012,"Block Group 2, Census Tract 806.01, Suffolk County, Massachusetts",295,55,234,56,93,41,141,56,61,41,23,30,38,28
1500000US250250806013,250250806013,"Block Group 3, Census Tract 806.01, Suffolk County, Massachusetts",284,67,173,65,109,44,64,52,111,44,29,27,82,42
1500000US250250808011,250250808011,"Block Group 1, Census Tract 808.01, Suffolk County, Massachusetts",334,75,174,59,116,49,58,48,160,61,74,41,86,55
1500000US250250808012,250250808012,"Block Group 2, Census Tract 808.01, Suffolk County, Massachusetts",583,75,166,74,48,37,118,60,417,83,94,52,323,78
1500000US250250809001,250250809001,"Block Group 1, Census Tract 809, Suffolk County, Massachusetts",633,97,8,13,0,12,8,13,625,93,54,37,571,97
1500000US250250809002,250250809002,"Block Group 2, Census Tract 809, Suffolk County, Massachusetts",449,110,39,30,20,23,19,21,410,104,39,40,371,99
1500000US250250809003,250250809003,"Block Group 3, Census Tract 809, Suffolk County, Massachusetts",367,83,16,25,0,12,16,25,351,85,37,43,314,83
1500000US250250810011,250250810011,"Block Group 1, Census Tract 810.01, Suffolk County, Massachusetts",221,70,70,47,45,42,25,39,151,64,0,12,151,64
1500000US250250810012,250250810012,"Block Group 2, Census Tract 810.01, Suffolk County, Massachusetts",1251,133,782,125,424,126,358,109,469,122,96,69,373,120
1500000US250250810013,250250810013,"Block Group 3, Census Tract 810.01, Suffolk County, Massachusetts",245,93,0,12,0,12,0,12,245,93,46,44,199,96
1500000US250250810014,250250810014,"Block Group 4, Census Tract 810.01, Suffolk County, Massachusetts",442,98,77,75,58,68,19,29,365,98,40,39,325,101
1500000US250250811001,250250811001,"Block Group 1, Census Tract 811, Suffolk County, Massachusetts",396,80,24,25,16,21,8,14,372,80,38,39,334,80
1500000US250250811002,250250811002,"Block Group 2, Census Tract 811, Suffolk County, Massachusetts",835,107,130,87,47,33,83,81,705,113,98,43,607,106
1500000US250250811003,250250811003,"Block Group 3, Census Tract 811, Suffolk County, Massachusetts",397,62,31,27,11,17,20,22,366,67,24,27,342,72
1500000US250250812001,250250812001,"Block Group 1, Census Tract 812, Suffolk County, Massachusetts",799,96,478,100,281,87,197,69,321,74,128,69,193,69
1500000US250250812002,250250812002,"Block Group 2, Census Tract 812, Suffolk County, Massachusetts",424,74,95,60,62,48,33,31,329,70,37,34,292,67
1500000US250250813001,250250813001,"Block Group 1, Census Tract 813, Suffolk County, Massachusetts",724,161,387,146,223,118,164,113,337,137,71,57,266,124
1500000US250250813002,250250813002,"Block Group 2, Census Tract 813, Suffolk County, Massachusetts",785,180,260,149,71,83,189,123,525,193,218,118,307,157
1500000US250250813003,250250813003,"Block Group 3, Census Tract 813, Suffolk County, Massachusetts",617,181,255,117,147,114,108,79,362,135,68,66,294,128
1500000US250250814001,250250814001,"Block Group 1, Census Tract 814, Suffolk County, Massachusetts",450,61,123,54,85,42,38,38,327,49,61,35,266,52
1500000US250250814002,250250814002,"Block Group 2, Census Tract 814, Suffolk County, Massachusetts",254,71,66,38,23,22,43,31,188,66,93,62,95,49
1500000US250250814003,250250814003,"Block Group 3, Census Tract 814, Suffolk County, Massachusetts",536,73,63,53,0,12,63,53,473,80,43,34,430,82
1500000US250250815001,250250815001,"Block Group 1, Census Tract 815, Suffolk County, Massachusetts",374,66,59,36,16,20,43,32,315,67,33,24,282,68
1500000US250250815002,250250815002,"Block Group 2, Census Tract 815, Suffolk County, Massachusetts",476,79,187,62,77,37,110,51,289,69,89,52,200,58
1500000US250250817001,250250817001,"Block Group 1, Census Tract 817, Suffolk County, Massachusetts",193,58,90,54,71,53,19,30,103,66,48,49,55,41
1500000US250250817002,250250817002,"Block Group 2, Census Tract 817, Suffolk County, Massachusetts",364,90,214,91,132,74,82,62,150,61,35,26,115,56
1500000US250250817003,250250817003,"Block Group 3, Census Tract 817, Suffolk County, Massachusetts",319,81,123,67,53,43,70,56,196,71,56,53,140,68
1500000US250250817004,250250817004,"Block Group 4, Census Tract 817, Suffolk County, Massachusetts",279,72,101,54,27,32,74,46,178,72,49,42,129,66
1500000US250250817005,250250817005,"Block Group 5, Census Tract 817, Suffolk County, Massachusetts",335,83,62,38,40,33,22,25,273,88,33,27,240,92
1500000US250250818001,250250818001,"Block Group 1, Census Tract 818, Suffolk County, Massachusetts",454,116,194,81,64,55,130,67,260,106,93,56,167,89
1500000US250250818002,250250818002,"Block Group 2, Census Tract 818, Suffolk County, Massachusetts",489,108,251,99,141,63,110,81,238,85,77,56,161,81
1500000US250250818003,250250818003,"Block Group 3, Census Tract 818, Suffolk County, Massachusetts",436,112,142,85,30,38,112,80,294,100,119,59,175,81
1500000US250250819001,250250819001,"Block Group 1, Census Tract 819, Suffolk County, Massachusetts",323,80,106,64,41,34,65,58,217,64,49,33,168,63
1500000US250250819002,250250819002,"Block Group 2, Census Tract 819, Suffolk County, Massachusetts",351,92,208,96,144,75,64,67,143,63,53,45,90,55
1500000US250250819003,250250819003,"Block Group 3, Census Tract 819, Suffolk County, Massachusetts",265,107,79,62,25,31,54,60,186,112,8,12,178,114
1500000US250250819004,250250819004,"Block Group 4, Census Tract 819, Suffolk County, Massachusetts",474,115,205,119,74,56,131,102,269,84,81,64,188,71
1500000US250250820001,250250820001,"Block Group 1, Census Tract 820, Suffolk County, Massachusetts",461,94,137,62,24,28,113,63,324,89,107,56,217,74
1500000US250250820002,250250820002,"Block Group 2, Census Tract 820, Suffolk County, Massachusetts",230,75,44,38,18,29,26,24,186,73,47,36,139,74
1500000US250250820003,250250820003,"Block Group 3, Census Tract 820, Suffolk County, Massachusetts",469,96,195,81,133,69,62,57,274,96,64,42,210,88
1500000US250250821001,250250821001,"Block Group 1, Census Tract 821, Suffolk County, Massachusetts",443,128,238,103,76,77,162,78,205,126,10,16,195,126
1500000US250250821002,250250821002,"Block Group 2, Census Tract 821, Suffolk County, Massachusetts",647,150,401,154,186,102,215,131,246,120,97,85,149,89
1500000US250250821003,250250821003,"Block Group 3, Census Tract 821, Suffolk County, Massachusetts",1040,172,495,152,255,123,240,117,545,155,118,86,427,134
1500000US250250901001,250250901001,"Block Group 1, Census Tract 901, Suffolk County, Massachusetts",698,89,391,85,244,78,147,63,307,84,92,50,215,78
1500000US250250901002,250250901002,"Block Group 2, Census Tract 901, Suffolk County, Massachusetts",294,76,118,61,53,36,65,52,176,60,82,51,94,46
1500000US250250901003,250250901003,"Block Group 3, Census Tract 901, Suffolk County, Massachusetts",326,80,152,80,56,42,96,71,174,64,39,35,135,66
1500000US250250901004,250250901004,"Block Group 4, Census Tract 901, Suffolk County, Massachusetts",305,91,101,59,40,35,61,47,204,79,34,23,170,81
1500000US250250901005,250250901005,"Block Group 5, Census Tract 901, Suffolk County, Massachusetts",184,69,82,54,43,32,39,43,102,56,35,32,67,45
1500000US250250902001,250250902001,"Block Group 1, Census Tract 902, Suffolk County, Massachusetts",213,61,81,38,49,31,32,21,132,55,47,41,85,35
1500000US250250902002,250250902002,"Block Group 2, Census Tract 902, Suffolk County, Massachusetts",311,63,178,57,106,54,72,40,133,59,41,32,92,51
1500000US250250902003,250250902003,"Block Group 3, Census Tract 902, Suffolk County, Massachusetts",290,67,132,53,52,33,80,47,158,60,44,27,114,58
1500000US250250903001,250250903001,"Block Group 1, Census Tract 903, Suffolk County, Massachusetts",298,100,171,80,82,59,89,66,127,61,56,56,71,52
1500000US250250903002,250250903002,"Block Group 2, Census Tract 903, Suffolk County, Massachusetts",661,114,387,112,224,83,163,86,274,88,43,35,231,91
1500000US250250903003,250250903003,"Block Group 3, Census Tract 903, Suffolk County, Massachusetts",305,91,120,57,39,41,81,44,185,86,82,62,103,64
1500000US250250904001,250250904001,"Block Group 1, Census Tract 904, Suffolk County, Massachusetts",243,75,86,53,50,40,36,42,157,77,67,60,90,60
1500000US250250904002,250250904002,"Block Group 2, Census Tract 904, Suffolk County, Massachusetts",528,101,270,106,192,95,78,45,258,88,20,15,238,88
1500000US250250904003,250250904003,"Block Group 3, Census Tract 904, Suffolk County, Massachusetts",179,63,40,37,16,19,24,31,139,57,40,34,99,56
1500000US250250904004,250250904004,"Block Group 4, Census Tract 904, Suffolk County, Massachusetts",274,78,55,38,23,37,32,23,219,75,110,78,109,58
1500000US250250906001,250250906001,"Block Group 1, Census Tract 906, Suffolk County, Massachusetts",333,60,74,30,35,24,39,24,259,59,95,42,164,59
1500000US250250906002,250250906002,"Block Group 2, Census Tract 906, Suffolk County, Massachusetts",404,58,158,54,69,36,89,42,246,65,54,37,192,54
1500000US250250907001,250250907001,"Block Group 1, Census Tract 907, Suffolk County, Massachusetts",507,111,103,59,18,19,85,57,404,112,71,59,333,111
1500000US250250907002,250250907002,"Block Group 2, Census Tract 907, Suffolk County, Massachusetts",520,106,80,45,29,35,51,45,440,102,110,60,330,95
1500000US250250907003,250250907003,"Block Group 3, Census Tract 907, Suffolk County, Massachusetts",536,93,70,42,18,22,52,41,466,97,63,53,403,99
1500000US250250907004,250250907004,"Block Group 4, Census Tract 907, Suffolk County, Massachusetts",259,84,42,43,17,28,25,32,217,79,15,23,202,77
1500000US250250909011,250250909011,"Block Group 1, Census Tract 909.01, Suffolk County, Massachusetts",645,92,183,78,56,38,127,73,462,103,21,27,441,103
1500000US250250909012,250250909012,"Block Group 2, Census Tract 909.01, Suffolk County, Massachusetts",792,108,79,50,71,49,8,13,713,105,55,41,658,106
1500000US250250910011,250250910011,"Block Group 1, Census Tract 910.01, Suffolk County, Massachusetts",266,76,113,81,42,53,71,61,153,71,17,21,136,71
1500000US250250910012,250250910012,"Block Group 2, Census Tract 910.01, Suffolk County, Massachusetts",402,93,102,56,64,54,38,33,300,92,48,49,252,89
1500000US250250910013,250250910013,"Block Group 3, Census Tract 910.01, Suffolk County, Massachusetts",270,69,15,20,7,12,8,15,255,68,33,25,222,72
1500000US250250910014,250250910014,"Block Group 4, Census Tract 910.01, Suffolk County, Massachusetts",422,75,37,36,26,32,11,17,385,71,45,30,340,69
1500000US250250911001,250250911001,"Block Group 1, Census Tract 911, Suffolk County, Massachusetts",536,110,51,44,43,41,8,14,485,104,61,41,424,107
1500000US250250911002,250250911002,"Block Group 2, Census Tract 911, Suffolk County, Massachusetts",379,97,34,43,7,10,27,42,345,89,65,48,280,79
1500000US250250911003,250250911003,"Block Group 3, Census Tract 911, Suffolk County, Massachusetts",306,87,48,37,36,33,12,17,258,87,28,22,230,87
1500000US250250911004,250250911004,"Block Group 4, Census Tract 911, Suffolk County, Massachusetts",245,69,67,42,39,36,28,30,178,67,0,12,178,67
1500000US250250911005,250250911005,"Block Group 5, Census Tract 911, Suffolk County, Massachusetts",349,89,77,65,0,12,77,65,272,73,26,18,246,74
1500000US250250912001,250250912001,"Block Group 1, Census Tract 912, Suffolk County, Massachusetts",417,95,78,63,42,51,36,43,339,82,77,59,262,76
1500000US250250912002,250250912002,"Block Group 2, Census Tract 912, Suffolk County, Massachusetts",488,111,82,57,34,30,48,47,406,116,103,62,303,112
1500000US250250912003,250250912003,"Block Group 3, Census Tract 912, Suffolk County, Massachusetts",270,78,75,54,11,18,64,50,195,61,33,32,162,62
1500000US250250913001,250250913001,"Block Group 1, Census Tract 913, Suffolk County, Massachusetts",468,70,179,66,74,52,105,47,289,67,99,55,190,57
1500000US250250913002,250250913002,"Block Group 2, Census Tract 913, Suffolk County, Massachusetts",343,67,161,60,51,28,110,53,182,56,60,40,122,51
1500000US250250914001,250250914001,"Block Group 1, Census Tract 914, Suffolk County, Massachusetts",577,75,197,60,104,45,93,42,380,66,93,40,287,63
1500000US250250914002,250250914002,"Block Group 2, Census Tract 914, Suffolk County, Massachusetts",337,64,77,36,21,21,56,31,260,63,89,35,171,63
1500000US250250915001,250250915001,"Block Group 1, Census Tract 915, Suffolk County, Massachusetts",705,97,187,65,113,48,74,49,518,109,114,58,404,105
1500000US250250915002,250250915002,"Block Group 2, Census Tract 915, Suffolk County, Massachusetts",627,105,237,87,78,54,159,74,390,101,102,70,288,82
1500000US250250915003,250250915003,"Block Group 3, Census Tract 915, Suffolk County, Massachusetts",311,63,105,55,62,49,43,27,206,63,37,33,169,63
1500000US250250916001,250250916001,"Block Group 1, Census Tract 916, Suffolk County, Massachusetts",512,104,229,111,115,84,114,90,283,93,31,30,252,87
1500000US250250916002,250250916002,"Block Group 2, Census Tract 916, Suffolk County, Massachusetts",356,95,115,71,61,44,54,56,241,90,126,70,115,57
1500000US250250916003,250250916003,"Block Group 3, Census Tract 916, Suffolk County, Massachusetts",211,69,136,62,67,45,69,51,75,54,52,48,23,20
1500000US250250917001,250250917001,"Block Group 1, Census Tract 917, Suffolk County, Massachusetts",431,67,112,45,30,22,82,36,319,67,57,29,262,66
1500000US250250917002,250250917002,"Block Group 2, Census Tract 917, Suffolk County, Massachusetts",303,57,90,43,36,26,54,34,213,56,57,34,156,56
1500000US250250917003,250250917003,"Block Group 3, Census Tract 917, Suffolk County, Massachusetts",275,49,111,46,66,42,45,24,164,53,48,30,116,48
1500000US250250918001,250250918001,"Block Group 1, Census Tract 918, Suffolk County, Massachusetts",381,115,156,93,120,87,36,37,225,94,63,40,162,82
1500000US250250918002,250250918002,"Block Group 2, Census Tract 918, Suffolk County, Massachusetts",381,101,135,67,59,52,76,55,246,98,49,69,197,87
1500000US250250918003,250250918003,"Block Group 3, Census Tract 918, Suffolk County, Massachusetts",333,102,118,60,65,50,53,45,215,90,87,55,128,75
1500000US250250919001,250250919001,"Block Group 1, Census Tract 919, Suffolk County, Massachusetts",387,72,187,79,56,45,131,74,200,72,57,45,143,72
1500000US250250919002,250250919002,"Block Group 2, Census Tract 919, Suffolk County, Massachusetts",263,80,120,58,39,36,81,49,143,71,61,54,82,55
1500000US250250919003,250250919003,"Block Group 3, Census Tract 919, Suffolk County, Massachusetts",495,86,234,75,118,56,116,63,261,77,68,54,193,66
1500000US250250919004,250250919004,"Block Group 4, Census Tract 919, Suffolk County, Massachusetts",162,51,26,24,9,14,17,19,136,46,45,26,91,41
1500000US250250920001,250250920001,"Block Group 1, Census Tract 920, Suffolk County, Massachusetts",491,87,208,80,132,74,76,59,283,81,102,60,181,61
1500000US250250920002,250250920002,"Block Group 2, Census Tract 920, Suffolk County, Massachusetts",529,77,171,65,99,64,72,49,358,88,131,69,227,80
1500000US250250920003,250250920003,"Block Group 3, Census Tract 920, Suffolk County, Massachusetts",233,76,116,68,58,51,58,52,117,57,37,31,80,49
1500000US250250920004,250250920004,"Block Group 4, Census Tract 920, Suffolk County, Massachusetts",329,73,186,66,83,54,103,59,143,64,63,49,80,46
1500000US250250921011,250250921011,"Block Group 1, Census Tract 921.01, Suffolk County, Massachusetts",547,166,224,136,75,91,149,103,323,123,80,56,243,118
1500000US250250921012,250250921012,"Block Group 2, Census Tract 921.01, Suffolk County, Massachusetts",377,140,132,102,120,100,12,19,245,137,174,127,71,63
1500000US250250921013,250250921013,"Block Group 3, Census Tract 921.01, Suffolk County, Massachusetts",270,104,107,102,39,43,68,92,163,94,59,61,104,71
1500000US250250921014,250250921014,"Block Group 4, Census Tract 921.01, Suffolk County, Massachusetts",406,135,168,120,120,103,48,64,238,96,16,26,222,100
1500000US250250921015,250250921015,"Block Group 5, Census Tract 921.01, Suffolk County, Massachusetts",699,153,315,129,189,99,126,86,384,133,89,62,295,118
1500000US250250922001,250250922001,"Block Group 1, Census Tract 922, Suffolk County, Massachusetts",275,74,35,31,9,15,26,27,240,65,76,59,164,54
1500000US250250922002,250250922002,"Block Group 2, Census Tract 922, Suffolk County, Massachusetts",256,95,24,27,12,20,12,18,232,89,95,68,137,68
1500000US250250922003,250250922003,"Block Group 3, Census Tract 922, Suffolk County, Massachusetts",287,86,118,79,106,85,12,19,169,60,45,39,124,51
1500000US250250922004,250250922004,"Block Group 4, Census Tract 922, Suffolk County, Massachusetts",310,82,70,58,29,46,41,41,240,83,51,52,189,79
1500000US250250923001,250250923001,"Block Group 1, Census Tract 923, Suffolk County, Massachusetts",248,56,84,48,35,30,49,37,164,52,18,16,146,51
1500000US250250923002,250250923002,"Block Group 2, Census Tract 923, Suffolk County, Massachusetts",248,64,170,63,66,33,104,55,78,41,34,28,44,28
1500000US250250923003,250250923003,"Block Group 3, Census Tract 923, Suffolk County, Massachusetts",412,85,181,73,91,47,90,59,231,66,89,40,142,65
1500000US250250923004,250250923004,"Block Group 4, Census Tract 923, Suffolk County, Massachusetts",184,57,66,37,36,29,30,28,118,53,13,21,105,48
1500000US250250924001,250250924001,"Block Group 1, Census Tract 924, Suffolk County, Massachusetts",153,78,100,77,37,49,63,65,53,37,27,26,26,31
1500000US250250924002,250250924002,"Block Group 2, Census Tract 924, Suffolk County, Massachusetts",551,137,191,99,50,44,141,93,360,127,74,75,286,118
1500000US250250924003,250250924003,"Block Group 3, Census Tract 924, Suffolk County, Massachusetts",611,141,261,114,214,114,47,52,350,133,103,74,247,123
1500000US250250924004,250250924004,"Block Group 4, Census Tract 924, Suffolk County, Massachusetts",449,123,296,119,45,44,251,118,153,95,41,61,112,76
1500000US250250924005,250250924005,"Block Group 5, Census Tract 924, Suffolk County, Massachusetts",265,125,67,53,53,57,14,24,198,127,100,105,98,84
1500000US250251001001,250251001001,"Block Group 1, Census Tract 1001, Suffolk County, Massachusetts",87,63,59,52,25,28,34,53,28,41,0,12,28,41
1500000US250251001002,250251001002,"Block Group 2, Census Tract 1001, Suffolk County, Massachusetts",348,81,89,52,49,39,40,41,259,81,67,56,192,78
1500000US250251001003,250251001003,"Block Group 3, Census Tract 1001, Suffolk County, Massachusetts",252,72,91,58,40,39,51,46,161,67,9,13,152,68
1500000US250251001004,250251001004,"Block Group 4, Census Tract 1001, Suffolk County, Massachusetts",271,79,100,63,85,56,15,25,171,65,65,44,106,57
1500000US250251001005,250251001005,"Block Group 5, Census Tract 1001, Suffolk County, Massachusetts",151,53,78,44,35,40,43,23,73,36,16,25,57,38
1500000US250251001006,250251001006,"Block Group 6, Census Tract 1001, Suffolk County, Massachusetts",521,109,391,93,283,87,108,64,130,76,81,67,49,38
1500000US250251001007,250251001007,"Block Group 7, Census Tract 1001, Suffolk County, Massachusetts",393,101,241,74,165,66,76,50,152,75,117,67,35,31
1500000US250251002001,250251002001,"Block Group 1, Census Tract 1002, Suffolk County, Massachusetts",357,56,140,50,54,32,86,43,217,63,64,37,153,59
1500000US250251002002,250251002002,"Block Group 2, Census Tract 1002, Suffolk County, Massachusetts",169,61,75,42,44,35,31,28,94,45,28,24,66,37
1500000US250251002003,250251002003,"Block Group 3, Census Tract 1002, Suffolk County, Massachusetts",398,65,184,62,79,49,105,53,214,55,75,35,139,54
1500000US250251003001,250251003001,"Block Group 1, Census Tract 1003, Suffolk County, Massachusetts",358,87,117,66,74,55,43,38,241,75,112,65,129,53
1500000US250251003002,250251003002,"Block Group 2, Census Tract 1003, Suffolk County, Massachusetts",317,78,155,73,63,44,92,59,162,65,65,57,97,52
1500000US250251003003,250251003003,"Block Group 3, Census Tract 1003, Suffolk County, Massachusetts",285,91,64,47,24,27,40,43,221,79,44,40,177,79
1500000US250251003004,250251003004,"Block Group 4, Census Tract 1003, Suffolk County, Massachusetts",238,82,84,64,15,23,69,59,154,72,24,28,130,73
1500000US250251004001,250251004001,"Block Group 1, Census Tract 1004, Suffolk County, Massachusetts",435,101,84,41,48,33,36,28,351,97,75,46,276,97
1500000US250251004002,250251004002,"Block Group 2, Census Tract 1004, Suffolk County, Massachusetts",318,91,44,36,44,36,0,12,274,93,17,21,257,93
1500000US250251004003,250251004003,"Block Group 3, Census Tract 1004, Suffolk County, Massachusetts",349,84,94,56,85,53,9,19,255,89,135,74,120,66
1500000US250251004004,250251004004,"Block Group 4, Census Tract 1004, Suffolk County, Massachusetts",631,126,132,72,62,60,70,64,499,126,160,64,339,116
1500000US250251005001,250251005001,"Block Group 1, Census Tract 1005, Suffolk County, Massachusetts",520,150,189,110,77,46,112,108,331,143,108,103,223,113
1500000US250251005002,250251005002,"Block Group 2, Census Tract 1005, Suffolk County, Massachusetts",581,145,63,59,43,51,20,31,518,141,32,50,486,129
1500000US250251005003,250251005003,"Block Group 3, Census Tract 1005, Suffolk County, Massachusetts",244,101,31,36,10,16,21,32,213,98,63,66,150,67
1500000US250251005004,250251005004,"Block Group 4, Census Tract 1005, Suffolk County, Massachusetts",460,180,265,153,167,127,98,94,195,125,46,46,149,119
1500000US250251005005,250251005005,"Block Group 5, Census Tract 1005, Suffolk County, Massachusetts",534,170,268,138,152,112,116,96,266,130,137,98,129,115
1500000US250251006011,250251006011,"Block Group 1, Census Tract 1006.01, Suffolk County, Massachusetts",505,138,0,12,0,12,0,12,505,138,95,84,410,130
1500000US250251006012,250251006012,"Block Group 2, Census Tract 1006.01, Suffolk County, Massachusetts",240,78,9,16,0,12,9,16,231,80,96,55,135,70
1500000US250251006013,250251006013,"Block Group 3, Census Tract 1006.01, Suffolk County, Massachusetts",538,156,110,76,43,65,67,50,428,152,112,53,316,143
1500000US250251006014,250251006014,"Block Group 4, Census Tract 1006.01, Suffolk County, Massachusetts",857,174,106,79,84,71,22,34,751,193,157,119,594,186
1500000US250251006031,250251006031,"Block Group 1, Census Tract 1006.03, Suffolk County, Massachusetts",441,76,56,47,45,43,11,17,385,69,93,48,292,69
1500000US250251006032,250251006032,"Block Group 2, Census Tract 1006.03, Suffolk County, Massachusetts",394,70,67,43,21,21,46,40,327,71,65,31,262,68
1500000US250251007001,250251007001,"Block Group 1, Census Tract 1007, Suffolk County, Massachusetts",407,82,39,49,12,18,27,44,368,78,40,26,328,78
1500000US250251007002,250251007002,"Block Group 2, Census Tract 1007, Suffolk County, Massachusetts",511,99,86,47,64,34,22,35,425,101,122,63,303,84
1500000US250251007003,250251007003,"Block Group 3, Census Tract 1007, Suffolk County, Massachusetts",303,83,15,18,0,12,15,18,288,87,74,53,214,74
1500000US250251007004,250251007004,"Block Group 4, Census Tract 1007, Suffolk County, Massachusetts",367,93,0,12,0,12,0,12,367,93,25,24,342,93
1500000US250251007005,250251007005,"Block Group 5, Census Tract 1007, Suffolk County, Massachusetts",333,99,8,12,0,12,8,12,325,100,117,82,208,72
1500000US250251008001,250251008001,"Block Group 1, Census Tract 1008, Suffolk County, Massachusetts",291,182,44,70,0,12,44,70,247,172,30,49,217,169
1500000US250251008002,250251008002,"Block Group 2, Census Tract 1008, Suffolk County, Massachusetts",433,115,31,46,31,46,0,12,402,125,180,125,222,85
1500000US250251008003,250251008003,"Block Group 3, Census Tract 1008, Suffolk County, Massachusetts",448,155,52,69,15,24,37,61,396,174,10,18,386,173
1500000US250251008004,250251008004,"Block Group 4, Census Tract 1008, Suffolk County, Massachusetts",649,134,0,12,0,12,0,12,649,134,115,88,534,141
1500000US250251008005,250251008005,"Block Group 5, Census Tract 1008, Suffolk County, Massachusetts",378,103,138,94,138,94,0,12,240,95,96,66,144,61
1500000US250251008006,250251008006,"Block Group 6, Census Tract 1008, Suffolk County, Massachusetts",498,154,60,70,19,28,41,65,438,148,37,51,401,146
1500000US250251009001,250251009001,"Block Group 1, Census Tract 1009, Suffolk County, Massachusetts",292,87,57,55,11,18,46,52,235,81,74,54,161,78
1500000US250251009002,250251009002,"Block Group 2, Census Tract 1009, Suffolk County, Massachusetts",204,85,54,57,50,56,4,11,150,75,24,39,126,66
1500000US250251009003,250251009003,"Block Group 3, Census Tract 1009, Suffolk County, Massachusetts",488,85,104,55,83,47,21,32,384,88,60,48,324,93
1500000US250251009004,250251009004,"Block Group 4, Census Tract 1009, Suffolk County, Massachusetts",263,87,45,49,0,12,45,49,218,84,20,23,198,85
1500000US250251009005,250251009005,"Block Group 5, Census Tract 1009, Suffolk County, Massachusetts",336,91,49,48,15,25,34,41,287,92,49,33,238,92
1500000US250251010011,250251010011,"Block Group 1, Census Tract 1010.01, Suffolk County, Massachusetts",261,96,62,65,0,12,62,65,199,78,35,37,164,71
1500000US250251010012,250251010012,"Block Group 2, Census Tract 1010.01, Suffolk County, Massachusetts",385,115,70,72,70,72,0,12,315,117,124,98,191,98
1500000US250251010013,250251010013,"Block Group 3, Census Tract 1010.01, Suffolk County, Massachusetts",307,114,115,100,69,60,46,81,192,76,111,74,81,70
1500000US250251010014,250251010014,"Block Group 4, Census Tract 1010.01, Suffolk County, Massachusetts",404,135,103,100,39,64,64,78,301,84,93,83,208,97
1500000US250251010015,250251010015,"Block Group 5, Census Tract 1010.01, Suffolk County, Massachusetts",355,137,107,85,0,12,107,85,248,124,150,94,98,88
1500000US250251010016,250251010016,"Block Group 6, Census Tract 1010.01, Suffolk County, Massachusetts",470,135,105,84,19,37,86,78,365,115,47,56,318,116
1500000US250251010021,250251010021,"Block Group 1, Census Tract 1010.02, Suffolk County, Massachusetts",336,116,151,102,92,79,59,68,185,91,36,57,149,87
1500000US250251010022,250251010022,"Block Group 2, Census Tract 1010.02, Suffolk County, Massachusetts",947,183,309,167,169,109,140,114,638,155,246,129,392,135
1500000US250251010023,250251010023,"Block Group 3, Census Tract 1010.02, Suffolk County, Massachusetts",728,159,194,112,169,105,25,32,534,163,73,54,461,158
1500000US250251011011,250251011011,"Block Group 1, Census Tract 1011.01, Suffolk County, Massachusetts",219,59,72,49,59,52,13,19,147,56,28,26,119,54
1500000US250251011012,250251011012,"Block Group 2, Census Tract 1011.01, Suffolk County, Massachusetts",368,93,54,59,16,26,38,53,314,85,94,48,220,82
1500000US250251011013,250251011013,"Block Group 3, Census Tract 1011.01, Suffolk County, Massachusetts",516,82,158,60,118,55,40,33,358,81,74,42,284,72
1500000US250251011021,250251011021,"Block Group 1, Census Tract 1011.02, Suffolk County, Massachusetts",298,72,117,58,61,33,56,50,181,67,50,42,131,61
1500000US250251011022,250251011022,"Block Group 2, Census Tract 1011.02, Suffolk County, Massachusetts",469,107,230,91,148,75,82,35,239,76,75,48,164,62
1500000US250251011023,250251011023,"Block Group 3, Census Tract 1011.02, Suffolk County, Massachusetts",309,86,103,66,58,39,45,53,206,72,19,31,187,80
1500000US250251011024,250251011024,"Block Group 4, Census Tract 1011.02, Suffolk County, Massachusetts",476,89,149,66,88,48,61,46,327,85,77,41,250,85
1500000US250251101031,250251101031,"Block Group 1, Census Tract 1101.03, Suffolk County, Massachusetts",361,117,9,15,9,15,0,12,352,120,113,107,239,84
1500000US250251101032,250251101032,"Block Group 2, Census Tract 1101.03, Suffolk County, Massachusetts",199,88,0,12,0,12,0,12,199,88,72,69,127,74
1500000US250251101033,250251101033,"Block Group 3, Census Tract 1101.03, Suffolk County, Massachusetts",156,72,98,54,20,23,78,49,58,60,12,18,46,57
1500000US250251101034,250251101034,"Block Group 4, Census Tract 1101.03, Suffolk County, Massachusetts",394,110,107,88,56,61,51,62,287,111,86,80,201,108
1500000US250251101035,250251101035,"Block Group 5, Census Tract 1101.03, Suffolk County, Massachusetts",592,136,37,28,0,12,37,28,555,137,57,89,498,127
1500000US250251101036,250251101036,"Block Group 6, Census Tract 1101.03, Suffolk County, Massachusetts",351,90,0,12,0,12,0,12,351,90,55,49,296,88
1500000US250251101037,250251101037,"Block Group 7, Census Tract 1101.03, Suffolk County, Massachusetts",324,138,244,109,139,88,105,93,80,86,3,10,77,87
1500000US250251102011,250251102011,"Block Group 1, Census Tract 1102.01, Suffolk County, Massachusetts",917,43,272,79,146,66,126,50,645,78,96,35,549,82
1500000US250251103011,250251103011,"Block Group 1, Census Tract 1103.01, Suffolk County, Massachusetts",308,63,64,38,52,38,12,12,244,57,83,40,161,48
1500000US250251103012,250251103012,"Block Group 2, Census Tract 1103.01, Suffolk County, Massachusetts",629,73,58,45,40,35,18,25,571,70,121,37,450,74
1500000US250251104011,250251104011,"Block Group 1, Census Tract 1104.01, Suffolk County, Massachusetts",644,95,165,68,108,63,57,38,479,110,131,71,348,103
1500000US250251104012,250251104012,"Block Group 2, Census Tract 1104.01, Suffolk County, Massachusetts",766,86,127,58,83,50,44,35,639,89,177,74,462,108
1500000US250251104031,250251104031,"Block Group 1, Census Tract 1104.03, Suffolk County, Massachusetts",490,114,157,103,61,52,96,91,333,94,98,54,235,90
1500000US250251104032,250251104032,"Block Group 2, Census Tract 1104.03, Suffolk County, Massachusetts",307,59,7,14,7,14,0,12,300,60,63,39,237,64
1500000US250251104033,250251104033,"Block Group 3, Census Tract 1104.03, Suffolk County, Massachusetts",190,81,8,13,8,13,0,12,182,84,9,15,173,82
1500000US250251104034,250251104034,"Block Group 4, Census Tract 1104.03, Suffolk County, Massachusetts",329,82,39,46,0,12,39,46,290,73,55,34,235,69
1500000US250251104035,250251104035,"Block Group 5, Census Tract 1104.03, Suffolk County, Massachusetts",400,93,53,45,25,28,28,34,347,81,72,52,275,84
1500000US250251105011,250251105011,"Block Group 1, Census Tract 1105.01, Suffolk County, Massachusetts",358,84,62,62,32,51,30,35,296,69,17,20,279,72
1500000US250251105012,250251105012,"Block Group 2, Census Tract 1105.01, Suffolk County, Massachusetts",657,86,46,49,14,21,32,43,611,88,125,57,486,86
1500000US250251105013,250251105013,"Block Group 3, Census Tract 1105.01, Suffolk County, Massachusetts",301,64,25,23,21,24,4,8,276,63,32,27,244,65
1500000US250251105021,250251105021,"Block Group 1, Census Tract 1105.02, Suffolk County, Massachusetts",620,102,40,62,0,12,40,62,580,108,50,44,530,111
1500000US250251105022,250251105022,"Block Group 2, Census Tract 1105.02, Suffolk County, Massachusetts",910,107,83,56,34,32,49,49,827,119,73,41,754,128
1500000US250251105023,250251105023,"Block Group 3, Census Tract 1105.02, Suffolk County, Massachusetts",233,69,6,12,0,12,6,12,227,71,14,15,213,72
1500000US250251106011,250251106011,"Block Group 1, Census Tract 1106.01, Suffolk County, Massachusetts",755,87,35,41,0,12,35,41,720,97,258,74,462,86
1500000US250251106012,250251106012,"Block Group 2, Census Tract 1106.01, Suffolk County, Massachusetts",442,64,0,12,0,12,0,12,442,64,124,64,318,67
1500000US250251106071,250251106071,"Block Group 1, Census Tract 1106.07, Suffolk County, Massachusetts",424,145,40,45,19,29,21,33,384,144,15,25,369,145
1500000US250251106072,250251106072,"Block Group 2, Census Tract 1106.07, Suffolk County, Massachusetts",709,126,39,43,39,43,0,12,670,134,118,104,552,129
1500000US250251106073,250251106073,"Block Group 3, Census Tract 1106.07, Suffolk County, Massachusetts",821,147,21,31,21,31,0,12,800,149,178,115,622,155
1500000US250251106074,250251106074,"Block Group 4, Census Tract 1106.07, Suffolk County, Massachusetts",258,77,23,36,0,12,23,36,235,75,46,36,189,76
1500000US250251201031,250251201031,"Block Group 1, Census Tract 1201.03, Suffolk County, Massachusetts",666,52,18,14,6,10,12,10,648,54,36,24,612,58
1500000US250251201041,250251201041,"Block Group 1, Census Tract 1201.04, Suffolk County, Massachusetts",242,54,0,12,0,12,0,12,242,54,9,14,233,57
1500000US250251201042,250251201042,"Block Group 2, Census Tract 1201.04, Suffolk County, Massachusetts",345,60,93,42,41,31,52,47,252,58,18,31,234,49
1500000US250251201043,250251201043,"Block Group 3, Census Tract 1201.04, Suffolk County, Massachusetts",473,72,11,18,0,12,11,18,462,72,45,56,417,78
1500000US250251201051,250251201051,"Block Group 1, Census Tract 1201.05, Suffolk County, Massachusetts",248,52,0,12,0,12,0,12,248,52,33,22,215,56
1500000US250251201052,250251201052,"Block Group 2, Census Tract 1201.05, Suffolk County, Massachusetts",425,51,0,12,0,12,0,12,425,51,48,34,377,52
1500000US250251201053,250251201053,"Block Group 3, Census Tract 1201.05, Suffolk County, Massachusetts",246,43,0,12,0,12,0,12,246,43,74,39,172,47
1500000US250251202011,250251202011,"Block Group 1, Census Tract 1202.01, Suffolk County, Massachusetts",604,88,89,51,38,39,51,37,515,86,84,53,431,77
1500000US250251202012,250251202012,"Block Group 2, Census Tract 1202.01, Suffolk County, Massachusetts",948,105,156,71,58,49,98,51,792,116,94,66,698,112
1500000US250251202013,250251202013,"Block Group 3, Census Tract 1202.01, Suffolk County, Massachusetts",196,59,41,42,6,10,35,41,155,47,37,28,118,47
1500000US250251203011,250251203011,"Block Group 1, Census Tract 1203.01, Suffolk County, Massachusetts",483,122,129,93,68,76,61,56,354,111,84,86,270,95
1500000US250251203012,250251203012,"Block Group 2, Census Tract 1203.01, Suffolk County, Massachusetts",435,94,79,58,10,16,69,57,356,104,52,39,304,107
1500000US250251203013,250251203013,"Block Group 3, Census Tract 1203.01, Suffolk County, Massachusetts",558,114,80,59,42,43,38,37,478,112,124,78,354,96
1500000US250251203014,250251203014,"Block Group 4, Census Tract 1203.01, Suffolk County, Massachusetts",520,95,8,13,0,12,8,13,512,95,40,30,472,90
1500000US250251204001,250251204001,"Block Group 1, Census Tract 1204, Suffolk County, Massachusetts",383,121,97,58,97,58,0,12,286,124,50,49,236,130
1500000US250251204002,250251204002,"Block Group 2, Census Tract 1204, Suffolk County, Massachusetts",359,110,24,36,0,12,24,36,335,117,50,45,285,113
1500000US250251204003,250251204003,"Block Group 3, Census Tract 1204, Suffolk County, Massachusetts",431,76,13,22,0,12,13,22,418,74,114,68,304,90
1500000US250251204004,250251204004,"Block Group 4, Census Tract 1204, Suffolk County, Massachusetts",793,129,89,61,13,23,76,56,704,128,31,35,673,131
1500000US250251204005,250251204005,"Block Group 5, Census Tract 1204, Suffolk County, Massachusetts",866,142,100,106,83,102,17,28,766,134,152,114,614,139
1500000US250251205001,250251205001,"Block Group 1, Census Tract 1205, Suffolk County, Massachusetts",280,55,81,43,21,19,60,41,199,46,12,12,187,46
1500000US250251205002,250251205002,"Block Group 2, Census Tract 1205, Suffolk County, Massachusetts",371,64,43,26,26,20,17,19,328,66,18,22,310,63
1500000US250251205003,250251205003,"Block Group 3, Census Tract 1205, Suffolk County, Massachusetts",252,62,62,43,47,41,15,17,190,56,37,25,153,47
1500000US250251206001,250251206001,"Block Group 1, Census Tract 1206, Suffolk County, Massachusetts",342,75,13,15,4,6,9,13,329,76,4,6,325,76
1500000US250251206002,250251206002,"Block Group 2, Census Tract 1206, Suffolk County, Massachusetts",404,81,0,12,0,12,0,12,404,81,37,39,367,73
1500000US250251206003,250251206003,"Block Group 3, Census Tract 1206, Suffolk County, Massachusetts",340,63,23,18,9,14,14,12,317,63,64,32,253,61
1500000US250251207001,250251207001,"Block Group 1, Census Tract 1207, Suffolk County, Massachusetts",372,56,7,13,0,12,7,13,365,58,66,42,299,59
1500000US250251207002,250251207002,"Block Group 2, Census Tract 1207, Suffolk County, Massachusetts",652,65,54,37,20,20,34,36,598,70,84,35,514,67
1500000US250251301001,250251301001,"Block Group 1, Census Tract 1301, Suffolk County, Massachusetts",480,100,13,22,13,22,0,12,467,104,80,81,387,105
1500000US250251301002,250251301002,"Block Group 2, Census Tract 1301, Suffolk County, Massachusetts",926,132,37,43,37,43,0,12,889,135,67,66,822,144
1500000US250251301003,250251301003,"Block Group 3, Census Tract 1301, Suffolk County, Massachusetts",352,75,0,12,0,12,0,12,352,75,95,77,257,68
1500000US250251301004,250251301004,"Block Group 4, Census Tract 1301, Suffolk County, Massachusetts",297,72,19,30,19,30,0,12,278,72,46,43,232,82
1500000US250251301005,250251301005,"Block Group 5, Census Tract 1301, Suffolk County, Massachusetts",386,133,17,27,17,27,0,12,369,130,76,66,293,126
1500000US250251301006,250251301006,"Block Group 6, Census Tract 1301, Suffolk County, Massachusetts",114,66,0,12,0,12,0,12,114,66,30,33,84,70
1500000US250251301007,250251301007,"Block Group 7, Census Tract 1301, Suffolk County, Massachusetts",323,112,25,40,0,12,25,40,298,110,25,29,273,106
1500000US250251302001,250251302001,"Block Group 1, Census Tract 1302, Suffolk County, Massachusetts",236,61,0,12,0,12,0,12,236,61,55,33,181,62
1500000US250251302002,250251302002,"Block Group 2, Census Tract 1302, Suffolk County, Massachusetts",402,94,6,10,6,10,0,12,396,94,90,47,306,98
1500000US250251302003,250251302003,"Block Group 3, Census Tract 1302, Suffolk County, Massachusetts",565,91,45,39,0,12,45,39,520,92,87,45,433,95
1500000US250251302004,250251302004,"Block Group 4, Census Tract 1302, Suffolk County, Massachusetts",261,50,7,12,7,12,0,12,254,50,35,28,219,57
1500000US250251302005,250251302005,"Block Group 5, Census Tract 1302, Suffolk County, Massachusetts",394,75,18,20,18,20,0,12,376,76,14,15,362,78
1500000US250251303001,250251303001,"Block Group 1, Census Tract 1303, Suffolk County, Massachusetts",325,66,7,10,0,12,7,10,318,67,32,29,286,65
1500000US250251303002,250251303002,"Block Group 2, Census Tract 1303, Suffolk County, Massachusetts",452,84,37,47,8,12,29,45,415,81,62,41,353,80
1500000US250251303003,250251303003,"Block Group 3, Census Tract 1303, Suffolk County, Massachusetts",276,61,0,12,0,12,0,12,276,61,56,32,220,57
1500000US250251303004,250251303004,"Block Group 4, Census Tract 1303, Suffolk County, Massachusetts",460,95,4,9,0,12,4,9,456,94,80,36,376,99
1500000US250251303005,250251303005,"Block Group 5, Census Tract 1303, Suffolk County, Massachusetts",248,59,0,12,0,12,0,12,248,59,37,31,211,58
1500000US250251304021,250251304021,"Block Group 1, Census Tract 1304.02, Suffolk County, Massachusetts",442,101,58,68,22,36,36,56,384,94,51,41,333,100
1500000US250251304022,250251304022,"Block Group 2, Census Tract 1304.02, Suffolk County, Massachusetts",464,122,27,32,13,21,14,24,437,121,48,43,389,130
1500000US250251304023,250251304023,"Block Group 3, Census Tract 1304.02, Suffolk County, Massachusetts",446,122,49,50,11,19,38,55,397,121,141,56,256,123
1500000US250251304024,250251304024,"Block Group 4, Census Tract 1304.02, Suffolk County, Massachusetts",437,108,0,12,0,12,0,12,437,108,65,59,372,135
1500000US250251304025,250251304025,"Block Group 5, Census Tract 1304.02, Suffolk County, Massachusetts",328,108,10,17,10,17,0,12,318,106,81,61,237,108
1500000US250251304041,250251304041,"Block Group 1, Census Tract 1304.04, Suffolk County, Massachusetts",846,96,83,49,51,38,32,26,763,111,194,67,569,116
1500000US250251304042,250251304042,"Block Group 2, Census Tract 1304.04, Suffolk County, Massachusetts",242,52,24,30,8,14,16,23,218,54,43,34,175,45
1500000US250251304043,250251304043,"Block Group 3, Census Tract 1304.04, Suffolk County, Massachusetts",218,62,24,37,0,12,24,37,194,59,80,64,114,55
1500000US250251304061,250251304061,"Block Group 1, Census Tract 1304.06, Suffolk County, Massachusetts",1040,163,589,176,173,119,416,166,451,157,106,78,345,151
1500000US250251304062,250251304062,"Block Group 2, Census Tract 1304.06, Suffolk County, Massachusetts",1042,157,120,88,40,44,80,77,922,153,101,70,821,152
1500000US250251304063,250251304063,"Block Group 3, Census Tract 1304.06, Suffolk County, Massachusetts",168,67,64,59,25,37,39,44,104,60,32,25,72,57
1500000US250251401021,250251401021,"Block Group 1, Census Tract 1401.02, Suffolk County, Massachusetts",381,85,17,20,17,20,0,12,364,88,55,41,309,85
1500000US250251401022,250251401022,"Block Group 2, Census Tract 1401.02, Suffolk County, Massachusetts",373,67,65,52,19,21,46,46,308,57,80,45,228,53
1500000US250251401023,250251401023,"Block Group 3, Census Tract 1401.02, Suffolk County, Massachusetts",334,67,46,51,24,37,22,37,288,70,35,35,253,68
1500000US250251401024,250251401024,"Block Group 4, Census Tract 1401.02, Suffolk County, Massachusetts",571,92,64,49,41,32,23,37,507,96,141,70,366,97
1500000US250251401051,250251401051,"Block Group 1, Census Tract 1401.05, Suffolk County, Massachusetts",847,128,0,12,0,12,0,12,847,128,226,66,621,130
1500000US250251401052,250251401052,"Block Group 2, Census Tract 1401.05, Suffolk County, Massachusetts",477,124,116,93,0,12,116,93,361,103,71,47,290,102
1500000US250251401061,250251401061,"Block Group 1, Census Tract 1401.06, Suffolk County, Massachusetts",627,63,141,45,49,30,92,38,486,69,79,38,407,73
1500000US250251401062,250251401062,"Block Group 2, Census Tract 1401.06, Suffolk County, Massachusetts",209,54,98,39,48,27,50,34,111,48,38,36,73,43
1500000US250251401071,250251401071,"Block Group 1, Census Tract 1401.07, Suffolk County, Massachusetts",758,68,120,46,64,32,56,37,638,77,96,46,542,85
1500000US250251401072,250251401072,"Block Group 2, Census Tract 1401.07, Suffolk County, Massachusetts",297,60,53,31,13,19,40,26,244,57,10,10,234,57
1500000US250251402011,250251402011,"Block Group 1, Census Tract 1402.01, Suffolk County, Massachusetts",516,69,47,35,29,25,18,21,469,66,86,50,383,79
1500000US250251402012,250251402012,"Block Group 2, Census Tract 1402.01, Suffolk County, Massachusetts",423,64,31,29,14,17,17,21,392,72,46,30,346,76
1500000US250251402021,250251402021,"Block Group 1, Census Tract 1402.02, Suffolk County, Massachusetts",362,95,67,43,24,28,43,35,295,98,37,33,258,98
1500000US250251402022,250251402022,"Block Group 2, Census Tract 1402.02, Suffolk County, Massachusetts",512,117,172,97,13,20,159,96,340,105,82,39,258,109
1500000US250251402023,250251402023,"Block Group 3, Census Tract 1402.02, Suffolk County, Massachusetts",361,82,16,18,0,12,16,18,345,82,66,39,279,80
1500000US250251402024,250251402024,"Block Group 4, Census Tract 1402.02, Suffolk County, Massachusetts",613,105,11,18,0,12,11,18,602,108,108,50,494,111
1500000US250251402025,250251402025,"Block Group 5, Census Tract 1402.02, Suffolk County, Massachusetts",294,74,11,17,0,12,11,17,283,74,37,31,246,82
1500000US250251403001,250251403001,"Block Group 1, Census Tract 1403, Suffolk County, Massachusetts",439,142,65,67,11,19,54,64,374,167,78,64,296,165
1500000US250251403002,250251403002,"Block Group 2, Census Tract 1403, Suffolk County, Massachusetts",186,98,29,36,12,20,17,29,157,96,58,66,99,91
1500000US250251403003,250251403003,"Block Group 3, Census Tract 1403, Suffolk County, Massachusetts",785,167,166,95,67,58,99,73,619,169,193,98,426,165
1500000US250251403004,250251403004,"Block Group 4, Census Tract 1403, Suffolk County, Massachusetts",258,90,36,59,36,59,0,12,222,73,68,65,154,54
1500000US250251403005,250251403005,"Block Group 5, Census Tract 1403, Suffolk County, Massachusetts",452,165,254,140,79,69,175,127,198,117,28,25,170,113
1500000US250251403006,250251403006,"Block Group 6, Census Tract 1403, Suffolk County, Massachusetts",219,83,30,37,15,27,15,24,189,77,60,56,129,60
1500000US250251404001,250251404001,"Block Group 1, Census Tract 1404, Suffolk County, Massachusetts",188,87,63,60,48,57,15,23,125,66,40,42,85,49
1500000US250251404002,250251404002,"Block Group 2, Census Tract 1404, Suffolk County, Massachusetts",382,101,38,42,0,12,38,42,344,102,130,85,214,78
1500000US250251404003,250251404003,"Block Group 3, Census Tract 1404, Suffolk County, Massachusetts",399,128,118,83,31,35,87,75,281,124,57,41,224,122
1500000US250251404004,250251404004,"Block Group 4, Census Tract 1404, Suffolk County, Massachusetts",251,90,30,32,30,32,0,12,221,93,90,86,131,66
1500000US250251404005,250251404005,"Block Group 5, Census Tract 1404, Suffolk County, Massachusetts",610,128,18,21,11,17,7,12,592,131,104,93,488,129
1500000US250251404006,250251404006,"Block Group 6, Census Tract 1404, Suffolk County, Massachusetts",616,132,73,55,14,24,59,50,543,132,108,55,435,137
1500000US250251404007,250251404007,"Block Group 7, Census Tract 1404, Suffolk County, Massachusetts",434,113,46,50,0,12,46,50,388,119,38,38,350,116
1500000US250251601011,250251601011,"Block Group 1, Census Tract 1601.01, Suffolk County, Massachusetts",437,121,157,101,96,73,61,70,280,118,42,48,238,109
1500000US250251601012,250251601012,"Block Group 2, Census Tract 1601.01, Suffolk County, Massachusetts",558,130,325,121,205,95,120,101,233,126,64,77,169,103
1500000US250251601013,250251601013,"Block Group 3, Census Tract 1601.01, Suffolk County, Massachusetts",406,127,111,91,80,76,31,52,295,111,63,48,232,104
1500000US250251601014,250251601014,"Block Group 4, Census Tract 1601.01, Suffolk County, Massachusetts",504,121,202,112,105,87,97,83,302,108,28,32,274,106
1500000US250251601015,250251601015,"Block Group 5, Census Tract 1601.01, Suffolk County, Massachusetts",279,116,155,111,28,43,127,102,124,86,51,57,73,65
1500000US250251602001,250251602001,"Block Group 1, Census Tract 1602, Suffolk County, Massachusetts",409,85,123,72,62,51,61,53,286,86,92,64,194,76
1500000US250251602002,250251602002,"Block Group 2, Census Tract 1602, Suffolk County, Massachusetts",374,87,234,86,108,58,126,61,140,72,17,18,123,70
1500000US250251602003,250251602003,"Block Group 3, Census Tract 1602, Suffolk County, Massachusetts",386,86,89,63,8,13,81,62,297,87,78,62,219,69
1500000US250251603001,250251603001,"Block Group 1, Census Tract 1603, Suffolk County, Massachusetts",1104,104,254,100,111,69,143,89,850,109,237,76,613,104
1500000US250251603002,250251603002,"Block Group 2, Census Tract 1603, Suffolk County, Massachusetts",239,69,75,54,31,39,44,44,164,54,33,23,131,54
1500000US250251604001,250251604001,"Block Group 1, Census Tract 1604, Suffolk County, Massachusetts",400,63,102,49,58,38,44,33,298,61,79,38,219,52
1500000US250251604002,250251604002,"Block Group 2, Census Tract 1604, Suffolk County, Massachusetts",619,74,242,65,169,61,73,34,377,67,103,44,274,63
1500000US250251605011,250251605011,"Block Group 1, Census Tract 1605.01, Suffolk County, Massachusetts",608,113,96,55,26,24,70,54,512,117,186,96,326,110
1500000US250251605012,250251605012,"Block Group 2, Census Tract 1605.01, Suffolk County, Massachusetts",340,98,152,100,67,58,85,78,188,77,48,44,140,68
1500000US250251605013,250251605013,"Block Group 3, Census Tract 1605.01, Suffolk County, Massachusetts",149,76,41,42,17,26,24,32,108,65,0,12,108,65
1500000US250251605014,250251605014,"Block Group 4, Census Tract 1605.01, Suffolk County, Massachusetts",353,94,155,70,105,63,50,43,198,77,82,64,116,56
1500000US250251605015,250251605015,"Block Group 5, Census Tract 1605.01, Suffolk County, Massachusetts",283,95,110,55,76,49,34,35,173,93,26,34,147,90
1500000US250251605021,250251605021,"Block Group 1, Census Tract 1605.02, Suffolk County, Massachusetts",652,126,95,66,51,37,44,59,557,129,84,69,473,124
1500000US250251605022,250251605022,"Block Group 2, Census Tract 1605.02, Suffolk County, Massachusetts",639,132,212,113,71,76,141,102,427,122,77,51,350,124
1500000US250251605023,250251605023,"Block Group 3, Census Tract 1605.02, Suffolk County, Massachusetts",376,122,215,104,90,85,125,65,161,87,41,54,120,74
1500000US250251606011,250251606011,"Block Group 1, Census Tract 1606.01, Suffolk County, Massachusetts",943,116,246,85,134,63,112,60,697,115,115,58,582,115
1500000US250251606012,250251606012,"Block Group 2, Census Tract 1606.01, Suffolk County, Massachusetts",567,89,138,86,35,39,103,79,429,100,94,57,335,87
1500000US250251606021,250251606021,"Block Group 1, Census Tract 1606.02, Suffolk County, Massachusetts",418,94,91,72,23,36,68,63,327,86,36,31,291,89
1500000US250251606022,250251606022,"Block Group 2, Census Tract 1606.02, Suffolk County, Massachusetts",307,90,9,13,9,13,0,12,298,90,46,32,252,88
1500000US250251606023,250251606023,"Block Group 3, Census Tract 1606.02, Suffolk County, Massachusetts",256,78,21,33,21,33,0,12,235,74,55,35,180,78
1500000US250251606024,250251606024,"Block Group 4, Census Tract 1606.02, Suffolk County, Massachusetts",347,89,206,91,70,64,136,81,141,74,48,41,93,61
1500000US250251606025,250251606025,"Block Group 5, Census Tract 1606.02, Suffolk County, Massachusetts",337,82,96,61,62,46,34,45,241,74,104,58,137,57
1500000US250251701001,250251701001,"Block Group 1, Census Tract 1701, Suffolk County, Massachusetts",566,142,99,77,10,18,89,75,467,133,201,108,266,104
1500000US250251701002,250251701002,"Block Group 2, Census Tract 1701, Suffolk County, Massachusetts",443,139,52,68,11,17,41,64,391,120,71,64,320,131
1500000US250251701003,250251701003,"Block Group 3, Census Tract 1701, Suffolk County, Massachusetts",186,67,11,19,11,19,0,12,175,62,35,26,140,58
1500000US250251701004,250251701004,"Block Group 4, Census Tract 1701, Suffolk County, Massachusetts",265,125,40,64,40,64,0,12,225,110,21,24,204,112
1500000US250251701005,250251701005,"Block Group 5, Census Tract 1701, Suffolk County, Massachusetts",519,155,33,29,25,28,8,15,486,153,83,46,403,163
1500000US250251701006,250251701006,"Block Group 6, Census Tract 1701, Suffolk County, Massachusetts",271,74,12,20,12,20,0,12,259,78,81,59,178,67
1500000US250251701007,250251701007,"Block Group 7, Census Tract 1701, Suffolk County, Massachusetts",608,157,76,58,46,49,30,44,532,158,54,38,478,163
1500000US250251702001,250251702001,"Block Group 1, Census Tract 1702, Suffolk County, Massachusetts",429,83,182,91,116,79,66,42,247,66,86,41,161,57
1500000US250251702002,250251702002,"Block Group 2, Census Tract 1702, Suffolk County, Massachusetts",431,89,116,69,47,39,69,75,315,89,47,48,268,87
1500000US250251702003,250251702003,"Block Group 3, Census Tract 1702, Suffolk County, Massachusetts",213,63,8,12,8,12,0,12,205,65,65,55,140,66
1500000US250251702004,250251702004,"Block Group 4, Census Tract 1702, Suffolk County, Massachusetts",606,135,26,42,26,42,0,12,580,136,122,56,458,137
1500000US250251703001,250251703001,"Block Group 1, Census Tract 1703, Suffolk County, Massachusetts",881,156,42,37,0,12,42,37,839,162,59,50,780,164
1500000US250251703002,250251703002,"Block Group 2, Census Tract 1703, Suffolk County, Massachusetts",372,140,16,26,16,26,0,12,356,142,97,84,259,128
1500000US250251703003,250251703003,"Block Group 3, Census Tract 1703, Suffolk County, Massachusetts",368,98,41,46,18,29,23,37,327,98,137,80,190,75
1500000US250251703004,250251703004,"Block Group 4, Census Tract 1703, Suffolk County, Massachusetts",568,132,42,40,27,31,15,24,526,127,123,85,403,132
1500000US250251703005,250251703005,"Block Group 5, Census Tract 1703, Suffolk County, Massachusetts",602,155,38,33,27,29,11,18,564,153,158,93,406,150
1500000US250251703006,250251703006,"Block Group 6, Census Tract 1703, Suffolk County, Massachusetts",635,168,218,151,91,111,127,117,417,120,63,45,354,120
1500000US250251703007,250251703007,"Block Group 7, Census Tract 1703, Suffolk County, Massachusetts",175,109,0,12,0,12,0,12,175,109,27,33,148,108
1500000US250251704001,250251704001,"Block Group 1, Census Tract 1704, Suffolk County, Massachusetts",459,130,46,53,25,40,21,35,413,126,111,57,302,120
1500000US250251704002,250251704002,"Block Group 2, Census Tract 1704, Suffolk County, Massachusetts",404,114,55,51,41,47,14,23,349,113,56,70,293,104
1500000US250251704003,250251704003,"Block Group 3, Census Tract 1704, Suffolk County, Massachusetts",344,94,151,75,91,69,60,47,193,82,58,50,135,66
1500000US250251704004,250251704004,"Block Group 4, Census Tract 1704, Suffolk County, Massachusetts",1047,170,31,36,31,36,0,12,1016,172,167,96,849,174
1500000US250251705011,250251705011,"Block Group 1, Census Tract 1705.01, Suffolk County, Massachusetts",953,116,190,101,160,98,30,34,763,115,171,78,592,127
1500000US250251705012,250251705012,"Block Group 2, Census Tract 1705.01, Suffolk County, Massachusetts",717,126,100,67,64,53,36,42,617,104,127,63,490,97
1500000US250251705021,250251705021,"Block Group 1, Census Tract 1705.02, Suffolk County, Massachusetts",395,94,51,35,10,16,41,32,344,92,88,48,256,88
1500000US250251705022,250251705022,"Block Group 2, Census Tract 1705.02, Suffolk County, Massachusetts",986,133,198,73,111,64,87,45,788,133,303,112,485,111
1500000US250251706011,250251706011,"Block Group 1, Census Tract 1706.01, Suffolk County, Massachusetts",486,88,90,56,16,23,74,50,396,79,47,31,349,84
1500000US250251706012,250251706012,"Block Group 2, Census Tract 1706.01, Suffolk County, Massachusetts",642,107,58,47,48,46,10,11,584,111,91,54,493,122
1500000US250251706013,250251706013,"Block Group 3, Census Tract 1706.01, Suffolk County, Massachusetts",390,87,37,28,16,18,21,24,353,86,126,49,227,80
1500000US250251706014,250251706014,"Block Group 4, Census Tract 1706.01, Suffolk County, Massachusetts",398,79,86,67,59,60,27,31,312,74,72,38,240,74
1500000US250251707011,250251707011,"Block Group 1, Census Tract 1707.01, Suffolk County, Massachusetts",363,67,106,59,94,59,12,19,257,54,57,35,200,49
1500000US250251707012,250251707012,"Block Group 2, Census Tract 1707.01, Suffolk County, Massachusetts",635,80,172,68,110,59,62,36,463,84,93,54,370,71
1500000US250251707021,250251707021,"Block Group 1, Census Tract 1707.02, Suffolk County, Massachusetts",347,156,100,83,54,87,46,69,247,136,64,67,183,137
1500000US250251707022,250251707022,"Block Group 2, Census Tract 1707.02, Suffolk County, Massachusetts",331,133,49,78,0,12,49,78,282,123,61,52,221,122
1500000US250251707023,250251707023,"Block Group 3, Census Tract 1707.02, Suffolk County, Massachusetts",499,162,116,86,36,30,80,79,383,143,72,58,311,133
1500000US250251707024,250251707024,"Block Group 4, Census Tract 1707.02, Suffolk County, Massachusetts",277,107,71,81,56,74,15,31,206,85,43,68,163,91
1500000US250251707025,250251707025,"Block Group 5, Census Tract 1707.02, Suffolk County, Massachusetts",706,181,246,143,56,54,190,134,460,164,202,109,258,136
1500000US250251708001,250251708001,"Block Group 1, Census Tract 1708, Suffolk County, Massachusetts",643,163,136,105,90,93,46,48,507,145,136,78,371,140
1500000US250251708002,250251708002,"Block Group 2, Census Tract 1708, Suffolk County, Massachusetts",437,154,31,50,0,12,31,50,406,147,51,43,355,146
1500000US250251708003,250251708003,"Block Group 3, Census Tract 1708, Suffolk County, Massachusetts",414,141,0,12,0,12,0,12,414,141,92,91,322,114
1500000US250251708004,250251708004,"Block Group 4, Census Tract 1708, Suffolk County, Massachusetts",475,119,126,74,77,71,49,78,349,109,96,65,253,112
1500000US250251801011,250251801011,"Block Group 1, Census Tract 1801.01, Suffolk County, Massachusetts",557,122,0,12,0,12,0,12,557,122,39,35,518,120
1500000US250251801012,250251801012,"Block Group 2, Census Tract 1801.01, Suffolk County, Massachusetts",544,115,27,33,0,12,27,33,517,122,133,61,384,118
1500000US250251801013,250251801013,"Block Group 3, Census Tract 1801.01, Suffolk County, Massachusetts",1143,148,262,97,162,78,100,73,881,144,235,118,646,154
1500000US250251802001,250251802001,"Block Group 1, Census Tract 1802, Suffolk County, Massachusetts",355,80,28,25,11,15,17,19,327,77,77,44,250,80
1500000US250251802002,250251802002,"Block Group 2, Census Tract 1802, Suffolk County, Massachusetts",277,53,11,14,0,12,11,14,266,53,51,27,215,57
1500000US250251802003,250251802003,"Block Group 3, Census Tract 1802, Suffolk County, Massachusetts",384,78,44,33,35,28,9,16,340,79,110,56,230,69
1500000US250251802004,250251802004,"Block Group 4, Census Tract 1802, Suffolk County, Massachusetts",576,88,116,78,51,57,65,50,460,93,109,53,351,93
1500000US250251803011,250251803011,"Block Group 1, Census Tract 1803.01, Suffolk County, Massachusetts",292,71,15,22,0,12,15,22,277,70,97,61,180,69
1500000US250251803012,250251803012,"Block Group 2, Census Tract 1803.01, Suffolk County, Massachusetts",338,79,0,12,0,12,0,12,338,79,42,44,296,76
1500000US250251803013,250251803013,"Block Group 3, Census Tract 1803.01, Suffolk County, Massachusetts",269,49,9,15,9,15,0,12,260,49,68,38,192,51
1500000US250251803014,250251803014,"Block Group 4, Census Tract 1803.01, Suffolk County, Massachusetts",269,70,0,12,0,12,0,12,269,70,48,29,221,72
1500000US250251804001,250251804001,"Block Group 1, Census Tract 1804, Suffolk County, Massachusetts",338,52,29,32,4,8,25,30,309,53,47,30,262,57
1500000US250251804002,250251804002,"Block Group 2, Census Tract 1804, Suffolk County, Massachusetts",388,63,33,30,7,11,26,28,355,58,52,24,303,62
1500000US250251805001,250251805001,"Block Group 1, Census Tract 1805, Suffolk County, Massachusetts",662,108,177,92,95,70,82,72,485,108,87,56,398,107
1500000US250251805002,250251805002,"Block Group 2, Census Tract 1805, Suffolk County, Massachusetts",241,59,7,12,7,12,0,12,234,60,62,36,172,61
1500000US250251805003,250251805003,"Block Group 3, Census Tract 1805, Suffolk County, Massachusetts",500,95,49,34,26,29,23,21,451,90,25,22,426,90
1500000US250251805004,250251805004,"Block Group 4, Census Tract 1805, Suffolk County, Massachusetts",469,77,11,18,11,18,0,12,458,78,92,47,366,76
1500000US250259801011,250259801011,"Block Group 1, Census Tract 9801.01, Suffolk County, Massachusetts",0,12,0,12,0,12,0,12,0,12,0,12,0,12
1500000US250259803001,250259803001,"Block Group 1, Census Tract 9803, Suffolk County, Massachusetts",0,12,0,12,0,12,0,12,0,12,0,12,0,12
1500000US250259807001,250259807001,"Block Group 1, Census Tract 9807, Suffolk County, Massachusetts",6,6,0,12,0,12,0,12,6,6,3,5,3,5
1500000US250259810001,250259810001,"Block Group 1, Census Tract 9810, Suffolk County, Massachusetts",0,12,0,12,0,12,0,12,0,12,0,12,0,12
1500000US250259811001,250259811001,"Block Group 1, Census Tract 9811, Suffolk County, Massachusetts",0,12,0,12,0,12,0,12,0,12,0,12,0,12
1500000US250259811002,250259811002,"Block Group 2, Census Tract 9811, Suffolk County, Massachusetts",0,12,0,12,0,12,0,12,0,12,0,12,0,12
1500000US250259811003,250259811003,"Block Group 3, Census Tract 9811, Suffolk County, Massachusetts",5,7,0,12,0,12,0,12,5,7,0,12,5,7
1500000US250259811004,250259811004,"Block Group 4, Census Tract 9811, Suffolk County, Massachusetts",163,58,99,54,36,30,63,51,64,40,24,24,40,26
1500000US250259812011,250259812011,"Block Group 1, Census Tract 9812.01, Suffolk County, Massachusetts",0,12,0,12,0,12,0,12,0,12,0,12,0,12
1500000US250259812021,250259812021,"Block Group 1, Census Tract 9812.02, Suffolk County, Massachusetts",0,12,0,12,0,12,0,12,0,12,0,12,0,12
1500000US250259813001,250259813001,"Block Group 1, Census Tract 9813, Suffolk County, Massachusetts",0,12,0,12,0,12,0,12,0,12,0,12,0,12
1500000US250259813002,250259813002,"Block Group 2, Census Tract 9813, Suffolk County, Massachusetts",257,48,29,24,0,12,29,24,228,41,16,19,212,43
1500000US250259815011,250259815011,"Block Group 1, Census Tract 9815.01, Suffolk County, Massachusetts",0,12,0,12,0,12,0,12,0,12,0,12,0,12
1500000US250259815021,250259815021,"Block Group 1, Census Tract 9815.02, Suffolk County, Massachusetts",0,12,0,12,0,12,0,12,0,12,0,12,0,12
1500000US250259816001,250259816001,"Block Group 1, Census Tract 9816, Suffolk County, Massachusetts",0,12,0,12,0,12,0,12,0,12,0,12,0,12
1500000US250259817001,250259817001,"Block Group 1, Census Tract 9817, Suffolk County, Massachusetts",0,12,0,12,0,12,0,12,0,12,0,12,0,12
1500000US250259818001,250259818001,"Block Group 1, Census Tract 9818, Suffolk County, Massachusetts",19,11,0,12,0,12,0,12,19,11,0,12,19,11
1500000US250259901010,250259901010,"Block Group 0, Census Tract 9901.01, Suffolk County, Massachusetts",0,12,0,12,0,12,0,12,0,12,0,12,0,12
