GEO.id,GEO.id2,GEO.display-label,HD01_VD01,HD02_VD01
Id,Id2,Geography,Estimate; Per capita income in the past 12 months (in 2015 Inflation-adjusted dollars),Margin of Error; Per capita income in the past 12 months (in 2015 Inflation-adjusted dollars)
1500000US250250001001,250250001001,"Block Group 1, Census Tract 1, Suffolk County, Massachusetts",26233,8832
1500000US250250001002,250250001002,"Block Group 2, Census Tract 1, Suffolk County, Massachusetts",39823,10150
1500000US250250001003,250250001003,"Block Group 3, Census Tract 1, Suffolk County, Massachusetts",28717,6796
1500000US250250001004,250250001004,"Block Group 4, Census Tract 1, Suffolk County, Massachusetts",40416,10971
1500000US250250002011,250250002011,"Block Group 1, Census Tract 2.01, Suffolk County, Massachusetts",40405,7526
1500000US250250002012,250250002012,"Block Group 2, Census Tract 2.01, Suffolk County, Massachusetts",49665,9993
1500000US250250002013,250250002013,"Block Group 3, Census Tract 2.01, Suffolk County, Massachusetts",37026,7577
1500000US250250002014,250250002014,"Block Group 4, Census Tract 2.01, Suffolk County, Massachusetts",38718,9984
1500000US250250002021,250250002021,"Block Group 1, Census Tract 2.02, Suffolk County, Massachusetts",40138,6276
1500000US250250002022,250250002022,"Block Group 2, Census Tract 2.02, Suffolk County, Massachusetts",47482,13019
1500000US250250002023,250250002023,"Block Group 3, Census Tract 2.02, Suffolk County, Massachusetts",32247,5321
1500000US250250002024,250250002024,"Block Group 4, Census Tract 2.02, Suffolk County, Massachusetts",7213,3832
1500000US250250003011,250250003011,"Block Group 1, Census Tract 3.01, Suffolk County, Massachusetts",39432,9966
1500000US250250003012,250250003012,"Block Group 2, Census Tract 3.01, Suffolk County, Massachusetts",39278,8724
1500000US250250003013,250250003013,"Block Group 3, Census Tract 3.01, Suffolk County, Massachusetts",35874,16827
1500000US250250003014,250250003014,"Block Group 4, Census Tract 3.01, Suffolk County, Massachusetts",32060,8250
1500000US250250003021,250250003021,"Block Group 1, Census Tract 3.02, Suffolk County, Massachusetts",36283,8157
1500000US250250003022,250250003022,"Block Group 2, Census Tract 3.02, Suffolk County, Massachusetts",38319,8605
1500000US250250004011,250250004011,"Block Group 1, Census Tract 4.01, Suffolk County, Massachusetts",33396,4298
1500000US250250004012,250250004012,"Block Group 2, Census Tract 4.01, Suffolk County, Massachusetts",53068,29613
1500000US250250004013,250250004013,"Block Group 3, Census Tract 4.01, Suffolk County, Massachusetts",33937,7239
1500000US250250004014,250250004014,"Block Group 4, Census Tract 4.01, Suffolk County, Massachusetts",24402,4498
1500000US250250004021,250250004021,"Block Group 1, Census Tract 4.02, Suffolk County, Massachusetts",29229,7149
1500000US250250004022,250250004022,"Block Group 2, Census Tract 4.02, Suffolk County, Massachusetts",23151,5127
1500000US250250004023,250250004023,"Block Group 3, Census Tract 4.02, Suffolk County, Massachusetts",32837,4262
1500000US250250005021,250250005021,"Block Group 1, Census Tract 5.02, Suffolk County, Massachusetts",68408,31847
1500000US250250005022,250250005022,"Block Group 2, Census Tract 5.02, Suffolk County, Massachusetts",38933,6959
1500000US250250005023,250250005023,"Block Group 3, Census Tract 5.02, Suffolk County, Massachusetts",31051,5072
1500000US250250005024,250250005024,"Block Group 4, Census Tract 5.02, Suffolk County, Massachusetts",4459,719
1500000US250250005031,250250005031,"Block Group 1, Census Tract 5.03, Suffolk County, Massachusetts",37960,10052
1500000US250250005032,250250005032,"Block Group 2, Census Tract 5.03, Suffolk County, Massachusetts",34792,5622
1500000US250250005041,250250005041,"Block Group 1, Census Tract 5.04, Suffolk County, Massachusetts",33870,6376
1500000US250250005042,250250005042,"Block Group 2, Census Tract 5.04, Suffolk County, Massachusetts",23459,4932
1500000US250250005043,250250005043,"Block Group 3, Census Tract 5.04, Suffolk County, Massachusetts",41187,10000
1500000US250250005044,250250005044,"Block Group 4, Census Tract 5.04, Suffolk County, Massachusetts",25345,7121
1500000US250250006011,250250006011,"Block Group 1, Census Tract 6.01, Suffolk County, Massachusetts",28427,12241
1500000US250250006012,250250006012,"Block Group 2, Census Tract 6.01, Suffolk County, Massachusetts",33266,8250
1500000US250250006013,250250006013,"Block Group 3, Census Tract 6.01, Suffolk County, Massachusetts",31686,6653
1500000US250250006014,250250006014,"Block Group 4, Census Tract 6.01, Suffolk County, Massachusetts",29589,6246
1500000US250250006021,250250006021,"Block Group 1, Census Tract 6.02, Suffolk County, Massachusetts",26213,4026
1500000US250250006022,250250006022,"Block Group 2, Census Tract 6.02, Suffolk County, Massachusetts",26334,5353
1500000US250250006023,250250006023,"Block Group 3, Census Tract 6.02, Suffolk County, Massachusetts",28661,25534
1500000US250250007011,250250007011,"Block Group 1, Census Tract 7.01, Suffolk County, Massachusetts",30874,5766
1500000US250250007012,250250007012,"Block Group 2, Census Tract 7.01, Suffolk County, Massachusetts",12013,6372
1500000US250250007013,250250007013,"Block Group 3, Census Tract 7.01, Suffolk County, Massachusetts",26953,10040
1500000US250250007014,250250007014,"Block Group 4, Census Tract 7.01, Suffolk County, Massachusetts",31459,7204
1500000US250250007015,250250007015,"Block Group 5, Census Tract 7.01, Suffolk County, Massachusetts",27851,6330
1500000US250250007031,250250007031,"Block Group 1, Census Tract 7.03, Suffolk County, Massachusetts",21037,3465
1500000US250250007032,250250007032,"Block Group 2, Census Tract 7.03, Suffolk County, Massachusetts",19463,4982
1500000US250250007041,250250007041,"Block Group 1, Census Tract 7.04, Suffolk County, Massachusetts",30190,5993
1500000US250250007042,250250007042,"Block Group 2, Census Tract 7.04, Suffolk County, Massachusetts",36753,9964
1500000US250250007043,250250007043,"Block Group 3, Census Tract 7.04, Suffolk County, Massachusetts",34021,5249
1500000US250250007044,250250007044,"Block Group 4, Census Tract 7.04, Suffolk County, Massachusetts",22231,12588
1500000US250250008021,250250008021,"Block Group 1, Census Tract 8.02, Suffolk County, Massachusetts",38660,36738
1500000US250250008022,250250008022,"Block Group 2, Census Tract 8.02, Suffolk County, Massachusetts",29274,6045
1500000US250250008023,250250008023,"Block Group 3, Census Tract 8.02, Suffolk County, Massachusetts",20521,4988
1500000US250250008024,250250008024,"Block Group 4, Census Tract 8.02, Suffolk County, Massachusetts",31816,6920
1500000US250250008025,250250008025,"Block Group 5, Census Tract 8.02, Suffolk County, Massachusetts",19189,6134
1500000US250250008031,250250008031,"Block Group 1, Census Tract 8.03, Suffolk County, Massachusetts",24444,5936
1500000US250250008032,250250008032,"Block Group 2, Census Tract 8.03, Suffolk County, Massachusetts",11870,16114
1500000US250250101031,250250101031,"Block Group 1, Census Tract 101.03, Suffolk County, Massachusetts",20229,8567
1500000US250250101032,250250101032,"Block Group 2, Census Tract 101.03, Suffolk County, Massachusetts",3697,1283
1500000US250250101033,250250101033,"Block Group 3, Census Tract 101.03, Suffolk County, Massachusetts",5078,832
1500000US250250101041,250250101041,"Block Group 1, Census Tract 101.04, Suffolk County, Massachusetts",71806,14021
1500000US250250101042,250250101042,"Block Group 2, Census Tract 101.04, Suffolk County, Massachusetts",20305,5757
1500000US250250101043,250250101043,"Block Group 3, Census Tract 101.04, Suffolk County, Massachusetts",29332,8840
1500000US250250102031,250250102031,"Block Group 1, Census Tract 102.03, Suffolk County, Massachusetts",17879,6181
1500000US250250102032,250250102032,"Block Group 2, Census Tract 102.03, Suffolk County, Massachusetts",42860,18361
1500000US250250102033,250250102033,"Block Group 3, Census Tract 102.03, Suffolk County, Massachusetts",31224,7790
1500000US250250102034,250250102034,"Block Group 4, Census Tract 102.03, Suffolk County, Massachusetts",76740,74484
1500000US250250102041,250250102041,"Block Group 1, Census Tract 102.04, Suffolk County, Massachusetts",6045,1468
1500000US250250102042,250250102042,"Block Group 2, Census Tract 102.04, Suffolk County, Massachusetts",25484,9452
1500000US250250102043,250250102043,"Block Group 3, Census Tract 102.04, Suffolk County, Massachusetts",26415,7541
1500000US250250103001,250250103001,"Block Group 1, Census Tract 103, Suffolk County, Massachusetts",5736,1337
1500000US250250103002,250250103002,"Block Group 2, Census Tract 103, Suffolk County, Massachusetts",7472,1213
1500000US250250104031,250250104031,"Block Group 1, Census Tract 104.03, Suffolk County, Massachusetts",19148,5448
1500000US250250104032,250250104032,"Block Group 2, Census Tract 104.03, Suffolk County, Massachusetts",33134,10484
1500000US250250104033,250250104033,"Block Group 3, Census Tract 104.03, Suffolk County, Massachusetts",85431,30070
1500000US250250104041,250250104041,"Block Group 1, Census Tract 104.04, Suffolk County, Massachusetts",14887,2947
1500000US250250104042,250250104042,"Block Group 2, Census Tract 104.04, Suffolk County, Massachusetts",5878,1437
1500000US250250104043,250250104043,"Block Group 3, Census Tract 104.04, Suffolk County, Massachusetts",10756,2512
1500000US250250104051,250250104051,"Block Group 1, Census Tract 104.05, Suffolk County, Massachusetts",5299,854
1500000US250250104052,250250104052,"Block Group 2, Census Tract 104.05, Suffolk County, Massachusetts",14022,3124
1500000US250250104053,250250104053,"Block Group 3, Census Tract 104.05, Suffolk County, Massachusetts",11941,2826
1500000US250250104081,250250104081,"Block Group 1, Census Tract 104.08, Suffolk County, Massachusetts",45934,7073
1500000US250250105001,250250105001,"Block Group 1, Census Tract 105, Suffolk County, Massachusetts",20668,9261
1500000US250250105002,250250105002,"Block Group 2, Census Tract 105, Suffolk County, Massachusetts",29279,7259
1500000US250250105003,250250105003,"Block Group 3, Census Tract 105, Suffolk County, Massachusetts",41765,9360
1500000US250250106001,250250106001,"Block Group 1, Census Tract 106, Suffolk County, Massachusetts",138078,41853
1500000US250250106002,250250106002,"Block Group 2, Census Tract 106, Suffolk County, Massachusetts",88295,19475
1500000US250250107011,250250107011,"Block Group 1, Census Tract 107.01, Suffolk County, Massachusetts",57177,17472
1500000US250250107012,250250107012,"Block Group 2, Census Tract 107.01, Suffolk County, Massachusetts",118017,41215
1500000US250250107013,250250107013,"Block Group 3, Census Tract 107.01, Suffolk County, Massachusetts",64284,16642
1500000US250250107021,250250107021,"Block Group 1, Census Tract 107.02, Suffolk County, Massachusetts",96111,24312
1500000US250250107022,250250107022,"Block Group 2, Census Tract 107.02, Suffolk County, Massachusetts",81680,28363
1500000US250250107023,250250107023,"Block Group 3, Census Tract 107.02, Suffolk County, Massachusetts",146686,46875
1500000US250250108011,250250108011,"Block Group 1, Census Tract 108.01, Suffolk County, Massachusetts",122361,56441
1500000US250250108012,250250108012,"Block Group 2, Census Tract 108.01, Suffolk County, Massachusetts",109810,26263
1500000US250250108013,250250108013,"Block Group 3, Census Tract 108.01, Suffolk County, Massachusetts",107727,21885
1500000US250250108021,250250108021,"Block Group 1, Census Tract 108.02, Suffolk County, Massachusetts",110978,32331
1500000US250250108022,250250108022,"Block Group 2, Census Tract 108.02, Suffolk County, Massachusetts",103609,22638
1500000US250250108023,250250108023,"Block Group 3, Census Tract 108.02, Suffolk County, Massachusetts",113287,28193
1500000US250250201011,250250201011,"Block Group 1, Census Tract 201.01, Suffolk County, Massachusetts",128819,43590
1500000US250250201012,250250201012,"Block Group 2, Census Tract 201.01, Suffolk County, Massachusetts",79148,21796
1500000US250250201013,250250201013,"Block Group 3, Census Tract 201.01, Suffolk County, Massachusetts",123370,41130
1500000US250250201014,250250201014,"Block Group 4, Census Tract 201.01, Suffolk County, Massachusetts",110779,43161
1500000US250250202001,250250202001,"Block Group 1, Census Tract 202, Suffolk County, Massachusetts",47635,8916
1500000US250250202002,250250202002,"Block Group 2, Census Tract 202, Suffolk County, Massachusetts",85933,29452
1500000US250250202003,250250202003,"Block Group 3, Census Tract 202, Suffolk County, Massachusetts",57992,11196
1500000US250250203011,250250203011,"Block Group 1, Census Tract 203.01, Suffolk County, Massachusetts",10588,3139
1500000US250250203012,250250203012,"Block Group 2, Census Tract 203.01, Suffolk County, Massachusetts",96750,16765
1500000US250250203021,250250203021,"Block Group 1, Census Tract 203.02, Suffolk County, Massachusetts",72428,10762
1500000US250250203031,250250203031,"Block Group 1, Census Tract 203.03, Suffolk County, Massachusetts",72332,20375
1500000US250250203032,250250203032,"Block Group 2, Census Tract 203.03, Suffolk County, Massachusetts",31514,9874
1500000US250250203033,250250203033,"Block Group 3, Census Tract 203.03, Suffolk County, Massachusetts",59564,15598
1500000US250250301001,250250301001,"Block Group 1, Census Tract 301, Suffolk County, Massachusetts",67546,11973
1500000US250250301002,250250301002,"Block Group 2, Census Tract 301, Suffolk County, Massachusetts",47622,8337
1500000US250250302001,250250302001,"Block Group 1, Census Tract 302, Suffolk County, Massachusetts",56039,9318
1500000US250250303001,250250303001,"Block Group 1, Census Tract 303, Suffolk County, Massachusetts",125356,26575
1500000US250250303002,250250303002,"Block Group 2, Census Tract 303, Suffolk County, Massachusetts",43379,13301
1500000US250250303003,250250303003,"Block Group 3, Census Tract 303, Suffolk County, Massachusetts",36248,8734
1500000US250250303004,250250303004,"Block Group 4, Census Tract 303, Suffolk County, Massachusetts",124979,60986
1500000US250250304001,250250304001,"Block Group 1, Census Tract 304, Suffolk County, Massachusetts",57673,10649
1500000US250250304002,250250304002,"Block Group 2, Census Tract 304, Suffolk County, Massachusetts",55872,7736
1500000US250250305001,250250305001,"Block Group 1, Census Tract 305, Suffolk County, Massachusetts",140383,51803
1500000US250250305002,250250305002,"Block Group 2, Census Tract 305, Suffolk County, Massachusetts",98979,25542
1500000US250250305003,250250305003,"Block Group 3, Census Tract 305, Suffolk County, Massachusetts",61006,14101
1500000US250250401001,250250401001,"Block Group 1, Census Tract 401, Suffolk County, Massachusetts",68318,13204
1500000US250250401002,250250401002,"Block Group 2, Census Tract 401, Suffolk County, Massachusetts",79276,11260
1500000US250250402001,250250402001,"Block Group 1, Census Tract 402, Suffolk County, Massachusetts",10041,3164
1500000US250250402002,250250402002,"Block Group 2, Census Tract 402, Suffolk County, Massachusetts",62893,9045
1500000US250250403001,250250403001,"Block Group 1, Census Tract 403, Suffolk County, Massachusetts",9579,6414
1500000US250250403002,250250403002,"Block Group 2, Census Tract 403, Suffolk County, Massachusetts",103365,31229
1500000US250250403003,250250403003,"Block Group 3, Census Tract 403, Suffolk County, Massachusetts",67871,11042
1500000US250250403004,250250403004,"Block Group 4, Census Tract 403, Suffolk County, Massachusetts",63351,26758
1500000US250250403005,250250403005,"Block Group 5, Census Tract 403, Suffolk County, Massachusetts",86344,26519
1500000US250250404011,250250404011,"Block Group 1, Census Tract 404.01, Suffolk County, Massachusetts",42631,12169
1500000US250250404012,250250404012,"Block Group 2, Census Tract 404.01, Suffolk County, Massachusetts",79425,21122
1500000US250250406001,250250406001,"Block Group 1, Census Tract 406, Suffolk County, Massachusetts",53234,10943
1500000US250250406002,250250406002,"Block Group 2, Census Tract 406, Suffolk County, Massachusetts",72354,9185
1500000US250250408011,250250408011,"Block Group 1, Census Tract 408.01, Suffolk County, Massachusetts",11362,3501
1500000US250250408012,250250408012,"Block Group 2, Census Tract 408.01, Suffolk County, Massachusetts",8324,2083
1500000US250250408013,250250408013,"Block Group 3, Census Tract 408.01, Suffolk County, Massachusetts",106763,16311
1500000US250250501011,250250501011,"Block Group 1, Census Tract 501.01, Suffolk County, Massachusetts",18888,4688
1500000US250250501012,250250501012,"Block Group 2, Census Tract 501.01, Suffolk County, Massachusetts",15175,4813
1500000US250250501013,250250501013,"Block Group 3, Census Tract 501.01, Suffolk County, Massachusetts",30170,6072
1500000US250250502001,250250502001,"Block Group 1, Census Tract 502, Suffolk County, Massachusetts",21044,3598
1500000US250250502002,250250502002,"Block Group 2, Census Tract 502, Suffolk County, Massachusetts",31363,8022
1500000US250250502003,250250502003,"Block Group 3, Census Tract 502, Suffolk County, Massachusetts",20243,7396
1500000US250250502004,250250502004,"Block Group 4, Census Tract 502, Suffolk County, Massachusetts",16406,3873
1500000US250250503001,250250503001,"Block Group 1, Census Tract 503, Suffolk County, Massachusetts",23726,4933
1500000US250250503002,250250503002,"Block Group 2, Census Tract 503, Suffolk County, Massachusetts",13910,2069
1500000US250250504001,250250504001,"Block Group 1, Census Tract 504, Suffolk County, Massachusetts",36614,12985
1500000US250250504002,250250504002,"Block Group 2, Census Tract 504, Suffolk County, Massachusetts",26463,5106
1500000US250250505001,250250505001,"Block Group 1, Census Tract 505, Suffolk County, Massachusetts",19833,3101
1500000US250250506001,250250506001,"Block Group 1, Census Tract 506, Suffolk County, Massachusetts",22787,7861
1500000US250250506002,250250506002,"Block Group 2, Census Tract 506, Suffolk County, Massachusetts",35779,7514
1500000US250250507001,250250507001,"Block Group 1, Census Tract 507, Suffolk County, Massachusetts",21882,4263
1500000US250250507002,250250507002,"Block Group 2, Census Tract 507, Suffolk County, Massachusetts",25582,5886
1500000US250250507003,250250507003,"Block Group 3, Census Tract 507, Suffolk County, Massachusetts",23408,6244
1500000US250250509011,250250509011,"Block Group 1, Census Tract 509.01, Suffolk County, Massachusetts",25702,5319
1500000US250250509012,250250509012,"Block Group 2, Census Tract 509.01, Suffolk County, Massachusetts",25030,4284
1500000US250250509013,250250509013,"Block Group 3, Census Tract 509.01, Suffolk County, Massachusetts",18686,4570
1500000US250250510001,250250510001,"Block Group 1, Census Tract 510, Suffolk County, Massachusetts",32141,5784
1500000US250250510002,250250510002,"Block Group 2, Census Tract 510, Suffolk County, Massachusetts",23092,6689
1500000US250250510003,250250510003,"Block Group 3, Census Tract 510, Suffolk County, Massachusetts",21050,3845
1500000US250250511011,250250511011,"Block Group 1, Census Tract 511.01, Suffolk County, Massachusetts",29491,4519
1500000US250250511012,250250511012,"Block Group 2, Census Tract 511.01, Suffolk County, Massachusetts",18056,5280
1500000US250250511013,250250511013,"Block Group 3, Census Tract 511.01, Suffolk County, Massachusetts",34386,12219
1500000US250250511014,250250511014,"Block Group 4, Census Tract 511.01, Suffolk County, Massachusetts",34299,13849
1500000US250250512001,250250512001,"Block Group 1, Census Tract 512, Suffolk County, Massachusetts",81486,43660
1500000US250250512002,250250512002,"Block Group 2, Census Tract 512, Suffolk County, Massachusetts",23311,4508
1500000US250250512003,250250512003,"Block Group 3, Census Tract 512, Suffolk County, Massachusetts",54550,21066
1500000US250250601011,250250601011,"Block Group 1, Census Tract 601.01, Suffolk County, Massachusetts",60210,13950
1500000US250250601012,250250601012,"Block Group 2, Census Tract 601.01, Suffolk County, Massachusetts",50380,11379
1500000US250250601013,250250601013,"Block Group 3, Census Tract 601.01, Suffolk County, Massachusetts",60878,17097
1500000US250250601014,250250601014,"Block Group 4, Census Tract 601.01, Suffolk County, Massachusetts",58295,19379
1500000US250250602001,250250602001,"Block Group 1, Census Tract 602, Suffolk County, Massachusetts",53706,7915
1500000US250250602002,250250602002,"Block Group 2, Census Tract 602, Suffolk County, Massachusetts",55924,5949
1500000US250250603011,250250603011,"Block Group 1, Census Tract 603.01, Suffolk County, Massachusetts",45213,11037
1500000US250250603012,250250603012,"Block Group 2, Census Tract 603.01, Suffolk County, Massachusetts",51399,8949
1500000US250250603013,250250603013,"Block Group 3, Census Tract 603.01, Suffolk County, Massachusetts",60355,13870
1500000US250250604001,250250604001,"Block Group 1, Census Tract 604, Suffolk County, Massachusetts",54058,11411
1500000US250250604002,250250604002,"Block Group 2, Census Tract 604, Suffolk County, Massachusetts",64372,14013
1500000US250250604003,250250604003,"Block Group 3, Census Tract 604, Suffolk County, Massachusetts",58195,14759
1500000US250250604004,250250604004,"Block Group 4, Census Tract 604, Suffolk County, Massachusetts",46956,7382
1500000US250250604005,250250604005,"Block Group 5, Census Tract 604, Suffolk County, Massachusetts",40931,14175
1500000US250250605011,250250605011,"Block Group 1, Census Tract 605.01, Suffolk County, Massachusetts",50349,9892
1500000US250250605012,250250605012,"Block Group 2, Census Tract 605.01, Suffolk County, Massachusetts",51402,8755
1500000US250250605013,250250605013,"Block Group 3, Census Tract 605.01, Suffolk County, Massachusetts",62767,17107
1500000US250250605014,250250605014,"Block Group 4, Census Tract 605.01, Suffolk County, Massachusetts",70503,9143
1500000US250250605015,250250605015,"Block Group 5, Census Tract 605.01, Suffolk County, Massachusetts",61002,22907
1500000US250250606001,250250606001,"Block Group 1, Census Tract 606, Suffolk County, Massachusetts",75190,8016
1500000US250250607001,250250607001,"Block Group 1, Census Tract 607, Suffolk County, Massachusetts",8895,3235
1500000US250250607002,250250607002,"Block Group 2, Census Tract 607, Suffolk County, Massachusetts",9056,1495
1500000US250250608001,250250608001,"Block Group 1, Census Tract 608, Suffolk County, Massachusetts",57051,28905
1500000US250250608002,250250608002,"Block Group 2, Census Tract 608, Suffolk County, Massachusetts",60503,24736
1500000US250250608003,250250608003,"Block Group 3, Census Tract 608, Suffolk County, Massachusetts",60902,23954
1500000US250250608004,250250608004,"Block Group 4, Census Tract 608, Suffolk County, Massachusetts",49442,12547
1500000US250250610001,250250610001,"Block Group 1, Census Tract 610, Suffolk County, Massachusetts",48482,7731
1500000US250250610002,250250610002,"Block Group 2, Census Tract 610, Suffolk County, Massachusetts",8294,2043
1500000US250250610003,250250610003,"Block Group 3, Census Tract 610, Suffolk County, Massachusetts",5157,965
1500000US250250611011,250250611011,"Block Group 1, Census Tract 611.01, Suffolk County, Massachusetts",19028,14378
1500000US250250611012,250250611012,"Block Group 2, Census Tract 611.01, Suffolk County, Massachusetts",10833,2157
1500000US250250612001,250250612001,"Block Group 1, Census Tract 612, Suffolk County, Massachusetts",91806,11537
1500000US250250612002,250250612002,"Block Group 2, Census Tract 612, Suffolk County, Massachusetts",31227,7072
1500000US250250612003,250250612003,"Block Group 3, Census Tract 612, Suffolk County, Massachusetts",45810,10869
1500000US250250701011,250250701011,"Block Group 1, Census Tract 701.01, Suffolk County, Massachusetts",129087,58030
1500000US250250701012,250250701012,"Block Group 2, Census Tract 701.01, Suffolk County, Massachusetts",8679,4855
1500000US250250701013,250250701013,"Block Group 3, Census Tract 701.01, Suffolk County, Massachusetts",85889,40186
1500000US250250701014,250250701014,"Block Group 4, Census Tract 701.01, Suffolk County, Massachusetts",59474,21870
1500000US250250701015,250250701015,"Block Group 5, Census Tract 701.01, Suffolk County, Massachusetts",298952,156517
1500000US250250701016,250250701016,"Block Group 6, Census Tract 701.01, Suffolk County, Massachusetts",102853,68808
1500000US250250701017,250250701017,"Block Group 7, Census Tract 701.01, Suffolk County, Massachusetts",29542,12168
1500000US250250701018,250250701018,"Block Group 8, Census Tract 701.01, Suffolk County, Massachusetts",282601,284123
1500000US250250702001,250250702001,"Block Group 1, Census Tract 702, Suffolk County, Massachusetts",21646,10382
1500000US250250702002,250250702002,"Block Group 2, Census Tract 702, Suffolk County, Massachusetts",15558,4028
1500000US250250702003,250250702003,"Block Group 3, Census Tract 702, Suffolk County, Massachusetts",18664,9501
1500000US250250703001,250250703001,"Block Group 1, Census Tract 703, Suffolk County, Massachusetts",93114,35115
1500000US250250703002,250250703002,"Block Group 2, Census Tract 703, Suffolk County, Massachusetts",56933,16240
1500000US250250703003,250250703003,"Block Group 3, Census Tract 703, Suffolk County, Massachusetts",69680,24086
1500000US250250703004,250250703004,"Block Group 4, Census Tract 703, Suffolk County, Massachusetts",98692,16120
1500000US250250704021,250250704021,"Block Group 1, Census Tract 704.02, Suffolk County, Massachusetts",13141,2038
1500000US250250705001,250250705001,"Block Group 1, Census Tract 705, Suffolk County, Massachusetts",106975,25327
1500000US250250705002,250250705002,"Block Group 2, Census Tract 705, Suffolk County, Massachusetts",15555,5401
1500000US250250705003,250250705003,"Block Group 3, Census Tract 705, Suffolk County, Massachusetts",91458,22211
1500000US250250705004,250250705004,"Block Group 4, Census Tract 705, Suffolk County, Massachusetts",63264,23886
1500000US250250706001,250250706001,"Block Group 1, Census Tract 706, Suffolk County, Massachusetts",103000,27295
1500000US250250706002,250250706002,"Block Group 2, Census Tract 706, Suffolk County, Massachusetts",116380,19403
1500000US250250707001,250250707001,"Block Group 1, Census Tract 707, Suffolk County, Massachusetts",71751,19993
1500000US250250707002,250250707002,"Block Group 2, Census Tract 707, Suffolk County, Massachusetts",78672,21036
1500000US250250708001,250250708001,"Block Group 1, Census Tract 708, Suffolk County, Massachusetts",66243,16538
1500000US250250708002,250250708002,"Block Group 2, Census Tract 708, Suffolk County, Massachusetts",47841,18845
1500000US250250708003,250250708003,"Block Group 3, Census Tract 708, Suffolk County, Massachusetts",82873,23615
1500000US250250709001,250250709001,"Block Group 1, Census Tract 709, Suffolk County, Massachusetts",50680,9885
1500000US250250709002,250250709002,"Block Group 2, Census Tract 709, Suffolk County, Massachusetts",30011,13407
1500000US250250711011,250250711011,"Block Group 1, Census Tract 711.01, Suffolk County, Massachusetts",52645,20190
1500000US250250711012,250250711012,"Block Group 2, Census Tract 711.01, Suffolk County, Massachusetts",70680,17422
1500000US250250711013,250250711013,"Block Group 3, Census Tract 711.01, Suffolk County, Massachusetts",32411,18724
1500000US250250712011,250250712011,"Block Group 1, Census Tract 712.01, Suffolk County, Massachusetts",72019,30707
1500000US250250712012,250250712012,"Block Group 2, Census Tract 712.01, Suffolk County, Massachusetts",15448,3414
1500000US250250801001,250250801001,"Block Group 1, Census Tract 801, Suffolk County, Massachusetts",11711,1458
1500000US250250801002,250250801002,"Block Group 2, Census Tract 801, Suffolk County, Massachusetts",15412,5053
1500000US250250803001,250250803001,"Block Group 1, Census Tract 803, Suffolk County, Massachusetts",19874,5468
1500000US250250804011,250250804011,"Block Group 1, Census Tract 804.01, Suffolk County, Massachusetts",22421,3808
1500000US250250804012,250250804012,"Block Group 2, Census Tract 804.01, Suffolk County, Massachusetts",20624,5881
1500000US250250805001,250250805001,"Block Group 1, Census Tract 805, Suffolk County, Massachusetts",20590,6757
1500000US250250805002,250250805002,"Block Group 2, Census Tract 805, Suffolk County, Massachusetts",11294,2354
1500000US250250806011,250250806011,"Block Group 1, Census Tract 806.01, Suffolk County, Massachusetts",7450,1443
1500000US250250806012,250250806012,"Block Group 2, Census Tract 806.01, Suffolk County, Massachusetts",7175,1908
1500000US250250806013,250250806013,"Block Group 3, Census Tract 806.01, Suffolk County, Massachusetts",16968,5902
1500000US250250808011,250250808011,"Block Group 1, Census Tract 808.01, Suffolk County, Massachusetts",6607,1285
1500000US250250808012,250250808012,"Block Group 2, Census Tract 808.01, Suffolk County, Massachusetts",12406,2035
1500000US250250809001,250250809001,"Block Group 1, Census Tract 809, Suffolk County, Massachusetts",30532,9213
1500000US250250809002,250250809002,"Block Group 2, Census Tract 809, Suffolk County, Massachusetts",17653,3041
1500000US250250809003,250250809003,"Block Group 3, Census Tract 809, Suffolk County, Massachusetts",25657,6573
1500000US250250810011,250250810011,"Block Group 1, Census Tract 810.01, Suffolk County, Massachusetts",22798,9027
1500000US250250810012,250250810012,"Block Group 2, Census Tract 810.01, Suffolk County, Massachusetts",14510,3997
1500000US250250810013,250250810013,"Block Group 3, Census Tract 810.01, Suffolk County, Massachusetts",47193,15043
1500000US250250810014,250250810014,"Block Group 4, Census Tract 810.01, Suffolk County, Massachusetts",18494,5598
1500000US250250811001,250250811001,"Block Group 1, Census Tract 811, Suffolk County, Massachusetts",22594,6657
1500000US250250811002,250250811002,"Block Group 2, Census Tract 811, Suffolk County, Massachusetts",27259,4991
1500000US250250811003,250250811003,"Block Group 3, Census Tract 811, Suffolk County, Massachusetts",36185,8772
1500000US250250812001,250250812001,"Block Group 1, Census Tract 812, Suffolk County, Massachusetts",8866,2218
1500000US250250812002,250250812002,"Block Group 2, Census Tract 812, Suffolk County, Massachusetts",29633,4928
1500000US250250813001,250250813001,"Block Group 1, Census Tract 813, Suffolk County, Massachusetts",16809,3671
1500000US250250813002,250250813002,"Block Group 2, Census Tract 813, Suffolk County, Massachusetts",16084,5636
1500000US250250813003,250250813003,"Block Group 3, Census Tract 813, Suffolk County, Massachusetts",18297,4835
1500000US250250814001,250250814001,"Block Group 1, Census Tract 814, Suffolk County, Massachusetts",28421,6261
1500000US250250814002,250250814002,"Block Group 2, Census Tract 814, Suffolk County, Massachusetts",32987,10963
1500000US250250814003,250250814003,"Block Group 3, Census Tract 814, Suffolk County, Massachusetts",23641,4221
1500000US250250815001,250250815001,"Block Group 1, Census Tract 815, Suffolk County, Massachusetts",29059,8820
1500000US250250815002,250250815002,"Block Group 2, Census Tract 815, Suffolk County, Massachusetts",17469,3775
1500000US250250817001,250250817001,"Block Group 1, Census Tract 817, Suffolk County, Massachusetts",14579,3865
1500000US250250817002,250250817002,"Block Group 2, Census Tract 817, Suffolk County, Massachusetts",22050,11223
1500000US250250817003,250250817003,"Block Group 3, Census Tract 817, Suffolk County, Massachusetts",18030,6723
1500000US250250817004,250250817004,"Block Group 4, Census Tract 817, Suffolk County, Massachusetts",19996,8397
1500000US250250817005,250250817005,"Block Group 5, Census Tract 817, Suffolk County, Massachusetts",33921,15931
1500000US250250818001,250250818001,"Block Group 1, Census Tract 818, Suffolk County, Massachusetts",17022,6363
1500000US250250818002,250250818002,"Block Group 2, Census Tract 818, Suffolk County, Massachusetts",13110,3947
1500000US250250818003,250250818003,"Block Group 3, Census Tract 818, Suffolk County, Massachusetts",14834,4070
1500000US250250819001,250250819001,"Block Group 1, Census Tract 819, Suffolk County, Massachusetts",22986,8404
1500000US250250819002,250250819002,"Block Group 2, Census Tract 819, Suffolk County, Massachusetts",14327,4109
1500000US250250819003,250250819003,"Block Group 3, Census Tract 819, Suffolk County, Massachusetts",20870,12779
1500000US250250819004,250250819004,"Block Group 4, Census Tract 819, Suffolk County, Massachusetts",8839,4809
1500000US250250820001,250250820001,"Block Group 1, Census Tract 820, Suffolk County, Massachusetts",21721,6122
1500000US250250820002,250250820002,"Block Group 2, Census Tract 820, Suffolk County, Massachusetts",13864,5252
1500000US250250820003,250250820003,"Block Group 3, Census Tract 820, Suffolk County, Massachusetts",24666,6449
1500000US250250821001,250250821001,"Block Group 1, Census Tract 821, Suffolk County, Massachusetts",12657,6666
1500000US250250821002,250250821002,"Block Group 2, Census Tract 821, Suffolk County, Massachusetts",9654,3347
1500000US250250821003,250250821003,"Block Group 3, Census Tract 821, Suffolk County, Massachusetts",24893,9609
1500000US250250901001,250250901001,"Block Group 1, Census Tract 901, Suffolk County, Massachusetts",15973,4087
1500000US250250901002,250250901002,"Block Group 2, Census Tract 901, Suffolk County, Massachusetts",16701,4790
1500000US250250901003,250250901003,"Block Group 3, Census Tract 901, Suffolk County, Massachusetts",21443,5445
1500000US250250901004,250250901004,"Block Group 4, Census Tract 901, Suffolk County, Massachusetts",16766,6210
1500000US250250901005,250250901005,"Block Group 5, Census Tract 901, Suffolk County, Massachusetts",20305,4946
1500000US250250902001,250250902001,"Block Group 1, Census Tract 902, Suffolk County, Massachusetts",12526,2666
1500000US250250902002,250250902002,"Block Group 2, Census Tract 902, Suffolk County, Massachusetts",10026,2218
1500000US250250902003,250250902003,"Block Group 3, Census Tract 902, Suffolk County, Massachusetts",15696,6469
1500000US250250903001,250250903001,"Block Group 1, Census Tract 903, Suffolk County, Massachusetts",14761,4105
1500000US250250903002,250250903002,"Block Group 2, Census Tract 903, Suffolk County, Massachusetts",12416,3596
1500000US250250903003,250250903003,"Block Group 3, Census Tract 903, Suffolk County, Massachusetts",20310,8441
1500000US250250904001,250250904001,"Block Group 1, Census Tract 904, Suffolk County, Massachusetts",16357,4672
1500000US250250904002,250250904002,"Block Group 2, Census Tract 904, Suffolk County, Massachusetts",12300,3106
1500000US250250904003,250250904003,"Block Group 3, Census Tract 904, Suffolk County, Massachusetts",14280,6064
1500000US250250904004,250250904004,"Block Group 4, Census Tract 904, Suffolk County, Massachusetts",17360,2998
1500000US250250906001,250250906001,"Block Group 1, Census Tract 906, Suffolk County, Massachusetts",23436,4671
1500000US250250906002,250250906002,"Block Group 2, Census Tract 906, Suffolk County, Massachusetts",15863,3307
1500000US250250907001,250250907001,"Block Group 1, Census Tract 907, Suffolk County, Massachusetts",25440,7339
1500000US250250907002,250250907002,"Block Group 2, Census Tract 907, Suffolk County, Massachusetts",37533,7758
1500000US250250907003,250250907003,"Block Group 3, Census Tract 907, Suffolk County, Massachusetts",26934,6693
1500000US250250907004,250250907004,"Block Group 4, Census Tract 907, Suffolk County, Massachusetts",27225,12603
1500000US250250909011,250250909011,"Block Group 1, Census Tract 909.01, Suffolk County, Massachusetts",15164,3335
1500000US250250909012,250250909012,"Block Group 2, Census Tract 909.01, Suffolk County, Massachusetts",23732,5029
1500000US250250910011,250250910011,"Block Group 1, Census Tract 910.01, Suffolk County, Massachusetts",19007,5877
1500000US250250910012,250250910012,"Block Group 2, Census Tract 910.01, Suffolk County, Massachusetts",37322,16811
1500000US250250910013,250250910013,"Block Group 3, Census Tract 910.01, Suffolk County, Massachusetts",51740,15063
1500000US250250910014,250250910014,"Block Group 4, Census Tract 910.01, Suffolk County, Massachusetts",45509,9274
1500000US250250911001,250250911001,"Block Group 1, Census Tract 911, Suffolk County, Massachusetts",31527,6550
1500000US250250911002,250250911002,"Block Group 2, Census Tract 911, Suffolk County, Massachusetts",29139,6118
1500000US250250911003,250250911003,"Block Group 3, Census Tract 911, Suffolk County, Massachusetts",31104,9637
1500000US250250911004,250250911004,"Block Group 4, Census Tract 911, Suffolk County, Massachusetts",32864,7885
1500000US250250911005,250250911005,"Block Group 5, Census Tract 911, Suffolk County, Massachusetts",28076,9570
1500000US250250912001,250250912001,"Block Group 1, Census Tract 912, Suffolk County, Massachusetts",36432,9077
1500000US250250912002,250250912002,"Block Group 2, Census Tract 912, Suffolk County, Massachusetts",23495,6052
1500000US250250912003,250250912003,"Block Group 3, Census Tract 912, Suffolk County, Massachusetts",44300,15627
1500000US250250913001,250250913001,"Block Group 1, Census Tract 913, Suffolk County, Massachusetts",20681,3804
1500000US250250913002,250250913002,"Block Group 2, Census Tract 913, Suffolk County, Massachusetts",12681,3017
1500000US250250914001,250250914001,"Block Group 1, Census Tract 914, Suffolk County, Massachusetts",16628,2365
1500000US250250914002,250250914002,"Block Group 2, Census Tract 914, Suffolk County, Massachusetts",18657,3580
1500000US250250915001,250250915001,"Block Group 1, Census Tract 915, Suffolk County, Massachusetts",22681,4151
1500000US250250915002,250250915002,"Block Group 2, Census Tract 915, Suffolk County, Massachusetts",18887,3094
1500000US250250915003,250250915003,"Block Group 3, Census Tract 915, Suffolk County, Massachusetts",18024,3738
1500000US250250916001,250250916001,"Block Group 1, Census Tract 916, Suffolk County, Massachusetts",17541,5049
1500000US250250916002,250250916002,"Block Group 2, Census Tract 916, Suffolk County, Massachusetts",20384,7746
1500000US250250916003,250250916003,"Block Group 3, Census Tract 916, Suffolk County, Massachusetts",12632,2339
1500000US250250917001,250250917001,"Block Group 1, Census Tract 917, Suffolk County, Massachusetts",26094,7559
1500000US250250917002,250250917002,"Block Group 2, Census Tract 917, Suffolk County, Massachusetts",16435,3606
1500000US250250917003,250250917003,"Block Group 3, Census Tract 917, Suffolk County, Massachusetts",18654,4869
1500000US250250918001,250250918001,"Block Group 1, Census Tract 918, Suffolk County, Massachusetts",21375,7598
1500000US250250918002,250250918002,"Block Group 2, Census Tract 918, Suffolk County, Massachusetts",14248,3922
1500000US250250918003,250250918003,"Block Group 3, Census Tract 918, Suffolk County, Massachusetts",19947,3513
1500000US250250919001,250250919001,"Block Group 1, Census Tract 919, Suffolk County, Massachusetts",21999,7522
1500000US250250919002,250250919002,"Block Group 2, Census Tract 919, Suffolk County, Massachusetts",18370,5915
1500000US250250919003,250250919003,"Block Group 3, Census Tract 919, Suffolk County, Massachusetts",21958,5414
1500000US250250919004,250250919004,"Block Group 4, Census Tract 919, Suffolk County, Massachusetts",40908,10428
1500000US250250920001,250250920001,"Block Group 1, Census Tract 920, Suffolk County, Massachusetts",17185,4245
1500000US250250920002,250250920002,"Block Group 2, Census Tract 920, Suffolk County, Massachusetts",19248,3239
1500000US250250920003,250250920003,"Block Group 3, Census Tract 920, Suffolk County, Massachusetts",12290,6104
1500000US250250920004,250250920004,"Block Group 4, Census Tract 920, Suffolk County, Massachusetts",16786,6868
1500000US250250921011,250250921011,"Block Group 1, Census Tract 921.01, Suffolk County, Massachusetts",30684,9059
1500000US250250921012,250250921012,"Block Group 2, Census Tract 921.01, Suffolk County, Massachusetts",12177,5691
1500000US250250921013,250250921013,"Block Group 3, Census Tract 921.01, Suffolk County, Massachusetts",28563,9086
1500000US250250921014,250250921014,"Block Group 4, Census Tract 921.01, Suffolk County, Massachusetts",31863,31371
1500000US250250921015,250250921015,"Block Group 5, Census Tract 921.01, Suffolk County, Massachusetts",21175,6015
1500000US250250922001,250250922001,"Block Group 1, Census Tract 922, Suffolk County, Massachusetts",35869,7651
1500000US250250922002,250250922002,"Block Group 2, Census Tract 922, Suffolk County, Massachusetts",26415,7395
1500000US250250922003,250250922003,"Block Group 3, Census Tract 922, Suffolk County, Massachusetts",33242,8858
1500000US250250922004,250250922004,"Block Group 4, Census Tract 922, Suffolk County, Massachusetts",43475,15739
1500000US250250923001,250250923001,"Block Group 1, Census Tract 923, Suffolk County, Massachusetts",19797,5104
1500000US250250923002,250250923002,"Block Group 2, Census Tract 923, Suffolk County, Massachusetts",14928,4629
1500000US250250923003,250250923003,"Block Group 3, Census Tract 923, Suffolk County, Massachusetts",19733,4134
1500000US250250923004,250250923004,"Block Group 4, Census Tract 923, Suffolk County, Massachusetts",21821,5873
1500000US250250924001,250250924001,"Block Group 1, Census Tract 924, Suffolk County, Massachusetts",14719,6121
1500000US250250924002,250250924002,"Block Group 2, Census Tract 924, Suffolk County, Massachusetts",13348,3821
1500000US250250924003,250250924003,"Block Group 3, Census Tract 924, Suffolk County, Massachusetts",15820,2925
1500000US250250924004,250250924004,"Block Group 4, Census Tract 924, Suffolk County, Massachusetts",12295,4645
1500000US250250924005,250250924005,"Block Group 5, Census Tract 924, Suffolk County, Massachusetts",19946,7440
1500000US250251001001,250251001001,"Block Group 1, Census Tract 1001, Suffolk County, Massachusetts",37497,29356
1500000US250251001002,250251001002,"Block Group 2, Census Tract 1001, Suffolk County, Massachusetts",19610,4885
1500000US250251001003,250251001003,"Block Group 3, Census Tract 1001, Suffolk County, Massachusetts",18915,5659
1500000US250251001004,250251001004,"Block Group 4, Census Tract 1001, Suffolk County, Massachusetts",16540,4180
1500000US250251001005,250251001005,"Block Group 5, Census Tract 1001, Suffolk County, Massachusetts",13541,4374
1500000US250251001006,250251001006,"Block Group 6, Census Tract 1001, Suffolk County, Massachusetts",8114,1538
1500000US250251001007,250251001007,"Block Group 7, Census Tract 1001, Suffolk County, Massachusetts",13573,2064
1500000US250251002001,250251002001,"Block Group 1, Census Tract 1002, Suffolk County, Massachusetts",22129,6501
1500000US250251002002,250251002002,"Block Group 2, Census Tract 1002, Suffolk County, Massachusetts",18234,6068
1500000US250251002003,250251002003,"Block Group 3, Census Tract 1002, Suffolk County, Massachusetts",17335,4055
1500000US250251003001,250251003001,"Block Group 1, Census Tract 1003, Suffolk County, Massachusetts",22439,6295
1500000US250251003002,250251003002,"Block Group 2, Census Tract 1003, Suffolk County, Massachusetts",20178,7313
1500000US250251003003,250251003003,"Block Group 3, Census Tract 1003, Suffolk County, Massachusetts",22018,6453
1500000US250251003004,250251003004,"Block Group 4, Census Tract 1003, Suffolk County, Massachusetts",16242,7391
1500000US250251004001,250251004001,"Block Group 1, Census Tract 1004, Suffolk County, Massachusetts",23972,6469
1500000US250251004002,250251004002,"Block Group 2, Census Tract 1004, Suffolk County, Massachusetts",34340,4905
1500000US250251004003,250251004003,"Block Group 3, Census Tract 1004, Suffolk County, Massachusetts",24145,6054
1500000US250251004004,250251004004,"Block Group 4, Census Tract 1004, Suffolk County, Massachusetts",20491,4421
1500000US250251005001,250251005001,"Block Group 1, Census Tract 1005, Suffolk County, Massachusetts",25775,10680
1500000US250251005002,250251005002,"Block Group 2, Census Tract 1005, Suffolk County, Massachusetts",53761,17522
1500000US250251005003,250251005003,"Block Group 3, Census Tract 1005, Suffolk County, Massachusetts",26576,5230
1500000US250251005004,250251005004,"Block Group 4, Census Tract 1005, Suffolk County, Massachusetts",15403,5854
1500000US250251005005,250251005005,"Block Group 5, Census Tract 1005, Suffolk County, Massachusetts",14998,3395
1500000US250251006011,250251006011,"Block Group 1, Census Tract 1006.01, Suffolk County, Massachusetts",47306,15384
1500000US250251006012,250251006012,"Block Group 2, Census Tract 1006.01, Suffolk County, Massachusetts",27417,7417
1500000US250251006013,250251006013,"Block Group 3, Census Tract 1006.01, Suffolk County, Massachusetts",26131,9418
1500000US250251006014,250251006014,"Block Group 4, Census Tract 1006.01, Suffolk County, Massachusetts",23746,4822
1500000US250251006031,250251006031,"Block Group 1, Census Tract 1006.03, Suffolk County, Massachusetts",40937,6919
1500000US250251006032,250251006032,"Block Group 2, Census Tract 1006.03, Suffolk County, Massachusetts",35713,7330
1500000US250251007001,250251007001,"Block Group 1, Census Tract 1007, Suffolk County, Massachusetts",56206,14779
1500000US250251007002,250251007002,"Block Group 2, Census Tract 1007, Suffolk County, Massachusetts",35021,8106
1500000US250251007003,250251007003,"Block Group 3, Census Tract 1007, Suffolk County, Massachusetts",37890,5441
1500000US250251007004,250251007004,"Block Group 4, Census Tract 1007, Suffolk County, Massachusetts",37143,5975
1500000US250251007005,250251007005,"Block Group 5, Census Tract 1007, Suffolk County, Massachusetts",41479,9355
1500000US250251008001,250251008001,"Block Group 1, Census Tract 1008, Suffolk County, Massachusetts",49437,15209
1500000US250251008002,250251008002,"Block Group 2, Census Tract 1008, Suffolk County, Massachusetts",29195,7596
1500000US250251008003,250251008003,"Block Group 3, Census Tract 1008, Suffolk County, Massachusetts",89349,34960
1500000US250251008004,250251008004,"Block Group 4, Census Tract 1008, Suffolk County, Massachusetts",38860,10045
1500000US250251008005,250251008005,"Block Group 5, Census Tract 1008, Suffolk County, Massachusetts",36369,14000
1500000US250251008006,250251008006,"Block Group 6, Census Tract 1008, Suffolk County, Massachusetts",31195,8734
1500000US250251009001,250251009001,"Block Group 1, Census Tract 1009, Suffolk County, Massachusetts",21009,5774
1500000US250251009002,250251009002,"Block Group 2, Census Tract 1009, Suffolk County, Massachusetts",24813,14596
1500000US250251009003,250251009003,"Block Group 3, Census Tract 1009, Suffolk County, Massachusetts",38555,7679
1500000US250251009004,250251009004,"Block Group 4, Census Tract 1009, Suffolk County, Massachusetts",30308,5558
1500000US250251009005,250251009005,"Block Group 5, Census Tract 1009, Suffolk County, Massachusetts",29248,7626
1500000US250251010011,250251010011,"Block Group 1, Census Tract 1010.01, Suffolk County, Massachusetts",21121,7706
1500000US250251010012,250251010012,"Block Group 2, Census Tract 1010.01, Suffolk County, Massachusetts",23023,9717
1500000US250251010013,250251010013,"Block Group 3, Census Tract 1010.01, Suffolk County, Massachusetts",25660,6626
1500000US250251010014,250251010014,"Block Group 4, Census Tract 1010.01, Suffolk County, Massachusetts",16975,6971
1500000US250251010015,250251010015,"Block Group 5, Census Tract 1010.01, Suffolk County, Massachusetts",17027,7159
1500000US250251010016,250251010016,"Block Group 6, Census Tract 1010.01, Suffolk County, Massachusetts",20729,7708
1500000US250251010021,250251010021,"Block Group 1, Census Tract 1010.02, Suffolk County, Massachusetts",11633,5798
1500000US250251010022,250251010022,"Block Group 2, Census Tract 1010.02, Suffolk County, Massachusetts",19870,4021
1500000US250251010023,250251010023,"Block Group 3, Census Tract 1010.02, Suffolk County, Massachusetts",20305,3811
1500000US250251011011,250251011011,"Block Group 1, Census Tract 1011.01, Suffolk County, Massachusetts",13211,4205
1500000US250251011012,250251011012,"Block Group 2, Census Tract 1011.01, Suffolk County, Massachusetts",22133,4766
1500000US250251011013,250251011013,"Block Group 3, Census Tract 1011.01, Suffolk County, Massachusetts",19848,4449
1500000US250251011021,250251011021,"Block Group 1, Census Tract 1011.02, Suffolk County, Massachusetts",14706,3470
1500000US250251011022,250251011022,"Block Group 2, Census Tract 1011.02, Suffolk County, Massachusetts",12164,2987
1500000US250251011023,250251011023,"Block Group 3, Census Tract 1011.02, Suffolk County, Massachusetts",20185,5109
1500000US250251011024,250251011024,"Block Group 4, Census Tract 1011.02, Suffolk County, Massachusetts",17451,2958
1500000US250251101031,250251101031,"Block Group 1, Census Tract 1101.03, Suffolk County, Massachusetts",51406,13241
1500000US250251101032,250251101032,"Block Group 2, Census Tract 1101.03, Suffolk County, Massachusetts",12419,6768
1500000US250251101033,250251101033,"Block Group 3, Census Tract 1101.03, Suffolk County, Massachusetts",12083,6901
1500000US250251101034,250251101034,"Block Group 4, Census Tract 1101.03, Suffolk County, Massachusetts",20348,10905
1500000US250251101035,250251101035,"Block Group 5, Census Tract 1101.03, Suffolk County, Massachusetts",46627,7612
1500000US250251101036,250251101036,"Block Group 6, Census Tract 1101.03, Suffolk County, Massachusetts",43517,7255
1500000US250251101037,250251101037,"Block Group 7, Census Tract 1101.03, Suffolk County, Massachusetts",8254,4004
1500000US250251102011,250251102011,"Block Group 1, Census Tract 1102.01, Suffolk County, Massachusetts",26067,4485
1500000US250251103011,250251103011,"Block Group 1, Census Tract 1103.01, Suffolk County, Massachusetts",24858,5115
1500000US250251103012,250251103012,"Block Group 2, Census Tract 1103.01, Suffolk County, Massachusetts",32633,4144
1500000US250251104011,250251104011,"Block Group 1, Census Tract 1104.01, Suffolk County, Massachusetts",19918,3422
1500000US250251104012,250251104012,"Block Group 2, Census Tract 1104.01, Suffolk County, Massachusetts",31785,4930
1500000US250251104031,250251104031,"Block Group 1, Census Tract 1104.03, Suffolk County, Massachusetts",28006,15830
1500000US250251104032,250251104032,"Block Group 2, Census Tract 1104.03, Suffolk County, Massachusetts",35311,8559
1500000US250251104033,250251104033,"Block Group 3, Census Tract 1104.03, Suffolk County, Massachusetts",37099,16250
1500000US250251104034,250251104034,"Block Group 4, Census Tract 1104.03, Suffolk County, Massachusetts",40506,9883
1500000US250251104035,250251104035,"Block Group 5, Census Tract 1104.03, Suffolk County, Massachusetts",38960,8105
1500000US250251105011,250251105011,"Block Group 1, Census Tract 1105.01, Suffolk County, Massachusetts",30986,9005
1500000US250251105012,250251105012,"Block Group 2, Census Tract 1105.01, Suffolk County, Massachusetts",36389,7501
1500000US250251105013,250251105013,"Block Group 3, Census Tract 1105.01, Suffolk County, Massachusetts",43923,8144
1500000US250251105021,250251105021,"Block Group 1, Census Tract 1105.02, Suffolk County, Massachusetts",35715,5251
1500000US250251105022,250251105022,"Block Group 2, Census Tract 1105.02, Suffolk County, Massachusetts",36688,6435
1500000US250251105023,250251105023,"Block Group 3, Census Tract 1105.02, Suffolk County, Massachusetts",53465,13671
1500000US250251106011,250251106011,"Block Group 1, Census Tract 1106.01, Suffolk County, Massachusetts",53270,11421
1500000US250251106012,250251106012,"Block Group 2, Census Tract 1106.01, Suffolk County, Massachusetts",46396,10768
1500000US250251106071,250251106071,"Block Group 1, Census Tract 1106.07, Suffolk County, Massachusetts",60075,31123
1500000US250251106072,250251106072,"Block Group 2, Census Tract 1106.07, Suffolk County, Massachusetts",58618,12973
1500000US250251106073,250251106073,"Block Group 3, Census Tract 1106.07, Suffolk County, Massachusetts",50799,23641
1500000US250251106074,250251106074,"Block Group 4, Census Tract 1106.07, Suffolk County, Massachusetts",36761,7955
1500000US250251201031,250251201031,"Block Group 1, Census Tract 1201.03, Suffolk County, Massachusetts",66879,8681
1500000US250251201041,250251201041,"Block Group 1, Census Tract 1201.04, Suffolk County, Massachusetts",62570,8605
1500000US250251201042,250251201042,"Block Group 2, Census Tract 1201.04, Suffolk County, Massachusetts",29216,7260
1500000US250251201043,250251201043,"Block Group 3, Census Tract 1201.04, Suffolk County, Massachusetts",48351,9535
1500000US250251201051,250251201051,"Block Group 1, Census Tract 1201.05, Suffolk County, Massachusetts",45618,21062
1500000US250251201052,250251201052,"Block Group 2, Census Tract 1201.05, Suffolk County, Massachusetts",94725,27419
1500000US250251201053,250251201053,"Block Group 3, Census Tract 1201.05, Suffolk County, Massachusetts",80735,18427
1500000US250251202011,250251202011,"Block Group 1, Census Tract 1202.01, Suffolk County, Massachusetts",34384,6171
1500000US250251202012,250251202012,"Block Group 2, Census Tract 1202.01, Suffolk County, Massachusetts",31323,4759
1500000US250251202013,250251202013,"Block Group 3, Census Tract 1202.01, Suffolk County, Massachusetts",33184,10618
1500000US250251203011,250251203011,"Block Group 1, Census Tract 1203.01, Suffolk County, Massachusetts",39202,18150
1500000US250251203012,250251203012,"Block Group 2, Census Tract 1203.01, Suffolk County, Massachusetts",28705,10411
1500000US250251203013,250251203013,"Block Group 3, Census Tract 1203.01, Suffolk County, Massachusetts",35894,5460
1500000US250251203014,250251203014,"Block Group 4, Census Tract 1203.01, Suffolk County, Massachusetts",41645,7215
1500000US250251204001,250251204001,"Block Group 1, Census Tract 1204, Suffolk County, Massachusetts",55385,20406
1500000US250251204002,250251204002,"Block Group 2, Census Tract 1204, Suffolk County, Massachusetts",49462,13141
1500000US250251204003,250251204003,"Block Group 3, Census Tract 1204, Suffolk County, Massachusetts",59093,8976
1500000US250251204004,250251204004,"Block Group 4, Census Tract 1204, Suffolk County, Massachusetts",43954,11064
1500000US250251204005,250251204005,"Block Group 5, Census Tract 1204, Suffolk County, Massachusetts",37910,8985
1500000US250251205001,250251205001,"Block Group 1, Census Tract 1205, Suffolk County, Massachusetts",70865,46138
1500000US250251205002,250251205002,"Block Group 2, Census Tract 1205, Suffolk County, Massachusetts",30613,5601
1500000US250251205003,250251205003,"Block Group 3, Census Tract 1205, Suffolk County, Massachusetts",23995,6589
1500000US250251206001,250251206001,"Block Group 1, Census Tract 1206, Suffolk County, Massachusetts",53958,11799
1500000US250251206002,250251206002,"Block Group 2, Census Tract 1206, Suffolk County, Massachusetts",68097,18823
1500000US250251206003,250251206003,"Block Group 3, Census Tract 1206, Suffolk County, Massachusetts",50505,7788
1500000US250251207001,250251207001,"Block Group 1, Census Tract 1207, Suffolk County, Massachusetts",39501,6610
1500000US250251207002,250251207002,"Block Group 2, Census Tract 1207, Suffolk County, Massachusetts",59506,12869
1500000US250251301001,250251301001,"Block Group 1, Census Tract 1301, Suffolk County, Massachusetts",39870,7403
1500000US250251301002,250251301002,"Block Group 2, Census Tract 1301, Suffolk County, Massachusetts",43079,6618
1500000US250251301003,250251301003,"Block Group 3, Census Tract 1301, Suffolk County, Massachusetts",52779,10919
1500000US250251301004,250251301004,"Block Group 4, Census Tract 1301, Suffolk County, Massachusetts",38567,5353
1500000US250251301005,250251301005,"Block Group 5, Census Tract 1301, Suffolk County, Massachusetts",45742,10873
1500000US250251301006,250251301006,"Block Group 6, Census Tract 1301, Suffolk County, Massachusetts",52639,14722
1500000US250251301007,250251301007,"Block Group 7, Census Tract 1301, Suffolk County, Massachusetts",40686,10691
1500000US250251302001,250251302001,"Block Group 1, Census Tract 1302, Suffolk County, Massachusetts",51893,6808
1500000US250251302002,250251302002,"Block Group 2, Census Tract 1302, Suffolk County, Massachusetts",35581,9225
1500000US250251302003,250251302003,"Block Group 3, Census Tract 1302, Suffolk County, Massachusetts",51862,9088
1500000US250251302004,250251302004,"Block Group 4, Census Tract 1302, Suffolk County, Massachusetts",47545,12532
1500000US250251302005,250251302005,"Block Group 5, Census Tract 1302, Suffolk County, Massachusetts",47423,8998
1500000US250251303001,250251303001,"Block Group 1, Census Tract 1303, Suffolk County, Massachusetts",59131,10889
1500000US250251303002,250251303002,"Block Group 2, Census Tract 1303, Suffolk County, Massachusetts",53067,15405
1500000US250251303003,250251303003,"Block Group 3, Census Tract 1303, Suffolk County, Massachusetts",59096,10738
1500000US250251303004,250251303004,"Block Group 4, Census Tract 1303, Suffolk County, Massachusetts",35523,8622
1500000US250251303005,250251303005,"Block Group 5, Census Tract 1303, Suffolk County, Massachusetts",51966,9983
1500000US250251304021,250251304021,"Block Group 1, Census Tract 1304.02, Suffolk County, Massachusetts",43221,12163
1500000US250251304022,250251304022,"Block Group 2, Census Tract 1304.02, Suffolk County, Massachusetts",28867,8285
1500000US250251304023,250251304023,"Block Group 3, Census Tract 1304.02, Suffolk County, Massachusetts",39328,11158
1500000US250251304024,250251304024,"Block Group 4, Census Tract 1304.02, Suffolk County, Massachusetts",38721,11610
1500000US250251304025,250251304025,"Block Group 5, Census Tract 1304.02, Suffolk County, Massachusetts",37724,13593
1500000US250251304041,250251304041,"Block Group 1, Census Tract 1304.04, Suffolk County, Massachusetts",35979,6751
1500000US250251304042,250251304042,"Block Group 2, Census Tract 1304.04, Suffolk County, Massachusetts",42078,13602
1500000US250251304043,250251304043,"Block Group 3, Census Tract 1304.04, Suffolk County, Massachusetts",39109,7717
1500000US250251304061,250251304061,"Block Group 1, Census Tract 1304.06, Suffolk County, Massachusetts",16441,3146
1500000US250251304062,250251304062,"Block Group 2, Census Tract 1304.06, Suffolk County, Massachusetts",31208,5685
1500000US250251304063,250251304063,"Block Group 3, Census Tract 1304.06, Suffolk County, Massachusetts",43762,10674
1500000US250251401021,250251401021,"Block Group 1, Census Tract 1401.02, Suffolk County, Massachusetts",32675,10610
1500000US250251401022,250251401022,"Block Group 2, Census Tract 1401.02, Suffolk County, Massachusetts",30233,6834
1500000US250251401023,250251401023,"Block Group 3, Census Tract 1401.02, Suffolk County, Massachusetts",31313,5729
1500000US250251401024,250251401024,"Block Group 4, Census Tract 1401.02, Suffolk County, Massachusetts",29522,5192
1500000US250251401051,250251401051,"Block Group 1, Census Tract 1401.05, Suffolk County, Massachusetts",42418,6606
1500000US250251401052,250251401052,"Block Group 2, Census Tract 1401.05, Suffolk County, Massachusetts",18962,4672
1500000US250251401061,250251401061,"Block Group 1, Census Tract 1401.06, Suffolk County, Massachusetts",26464,3408
1500000US250251401062,250251401062,"Block Group 2, Census Tract 1401.06, Suffolk County, Massachusetts",15457,6022
1500000US250251401071,250251401071,"Block Group 1, Census Tract 1401.07, Suffolk County, Massachusetts",36575,6205
1500000US250251401072,250251401072,"Block Group 2, Census Tract 1401.07, Suffolk County, Massachusetts",27430,3964
1500000US250251402011,250251402011,"Block Group 1, Census Tract 1402.01, Suffolk County, Massachusetts",31457,3460
1500000US250251402012,250251402012,"Block Group 2, Census Tract 1402.01, Suffolk County, Massachusetts",37926,6996
1500000US250251402021,250251402021,"Block Group 1, Census Tract 1402.02, Suffolk County, Massachusetts",28865,5575
1500000US250251402022,250251402022,"Block Group 2, Census Tract 1402.02, Suffolk County, Massachusetts",21334,5090
1500000US250251402023,250251402023,"Block Group 3, Census Tract 1402.02, Suffolk County, Massachusetts",24806,5074
1500000US250251402024,250251402024,"Block Group 4, Census Tract 1402.02, Suffolk County, Massachusetts",34501,10226
1500000US250251402025,250251402025,"Block Group 5, Census Tract 1402.02, Suffolk County, Massachusetts",51609,15091
1500000US250251403001,250251403001,"Block Group 1, Census Tract 1403, Suffolk County, Massachusetts",28107,6315
1500000US250251403002,250251403002,"Block Group 2, Census Tract 1403, Suffolk County, Massachusetts",16557,7158
1500000US250251403003,250251403003,"Block Group 3, Census Tract 1403, Suffolk County, Massachusetts",21228,5679
1500000US250251403004,250251403004,"Block Group 4, Census Tract 1403, Suffolk County, Massachusetts",21731,3815
1500000US250251403005,250251403005,"Block Group 5, Census Tract 1403, Suffolk County, Massachusetts",16162,3888
1500000US250251403006,250251403006,"Block Group 6, Census Tract 1403, Suffolk County, Massachusetts",21592,10271
1500000US250251404001,250251404001,"Block Group 1, Census Tract 1404, Suffolk County, Massachusetts",19215,6863
1500000US250251404002,250251404002,"Block Group 2, Census Tract 1404, Suffolk County, Massachusetts",25978,7018
1500000US250251404003,250251404003,"Block Group 3, Census Tract 1404, Suffolk County, Massachusetts",25537,5982
1500000US250251404004,250251404004,"Block Group 4, Census Tract 1404, Suffolk County, Massachusetts",23426,7766
1500000US250251404005,250251404005,"Block Group 5, Census Tract 1404, Suffolk County, Massachusetts",27925,4918
1500000US250251404006,250251404006,"Block Group 6, Census Tract 1404, Suffolk County, Massachusetts",24308,4730
1500000US250251404007,250251404007,"Block Group 7, Census Tract 1404, Suffolk County, Massachusetts",38079,10486
1500000US250251601011,250251601011,"Block Group 1, Census Tract 1601.01, Suffolk County, Massachusetts",19411,10223
1500000US250251601012,250251601012,"Block Group 2, Census Tract 1601.01, Suffolk County, Massachusetts",16467,4275
1500000US250251601013,250251601013,"Block Group 3, Census Tract 1601.01, Suffolk County, Massachusetts",16486,3352
1500000US250251601014,250251601014,"Block Group 4, Census Tract 1601.01, Suffolk County, Massachusetts",18934,9432
1500000US250251601015,250251601015,"Block Group 5, Census Tract 1601.01, Suffolk County, Massachusetts",11228,3848
1500000US250251602001,250251602001,"Block Group 1, Census Tract 1602, Suffolk County, Massachusetts",16999,3925
1500000US250251602002,250251602002,"Block Group 2, Census Tract 1602, Suffolk County, Massachusetts",14345,2816
1500000US250251602003,250251602003,"Block Group 3, Census Tract 1602, Suffolk County, Massachusetts",18578,5352
1500000US250251603001,250251603001,"Block Group 1, Census Tract 1603, Suffolk County, Massachusetts",37143,3727
1500000US250251603002,250251603002,"Block Group 2, Census Tract 1603, Suffolk County, Massachusetts",30051,12872
1500000US250251604001,250251604001,"Block Group 1, Census Tract 1604, Suffolk County, Massachusetts",20101,4027
1500000US250251604002,250251604002,"Block Group 2, Census Tract 1604, Suffolk County, Massachusetts",18015,3159
1500000US250251605011,250251605011,"Block Group 1, Census Tract 1605.01, Suffolk County, Massachusetts",22291,7690
1500000US250251605012,250251605012,"Block Group 2, Census Tract 1605.01, Suffolk County, Massachusetts",21072,4969
1500000US250251605013,250251605013,"Block Group 3, Census Tract 1605.01, Suffolk County, Massachusetts",20561,7689
1500000US250251605014,250251605014,"Block Group 4, Census Tract 1605.01, Suffolk County, Massachusetts",17739,5659
1500000US250251605015,250251605015,"Block Group 5, Census Tract 1605.01, Suffolk County, Massachusetts",24718,8302
1500000US250251605021,250251605021,"Block Group 1, Census Tract 1605.02, Suffolk County, Massachusetts",38107,8080
1500000US250251605022,250251605022,"Block Group 2, Census Tract 1605.02, Suffolk County, Massachusetts",21164,4716
1500000US250251605023,250251605023,"Block Group 3, Census Tract 1605.02, Suffolk County, Massachusetts",15512,4294
1500000US250251606011,250251606011,"Block Group 1, Census Tract 1606.01, Suffolk County, Massachusetts",26181,6803
1500000US250251606012,250251606012,"Block Group 2, Census Tract 1606.01, Suffolk County, Massachusetts",24391,7915
1500000US250251606021,250251606021,"Block Group 1, Census Tract 1606.02, Suffolk County, Massachusetts",22001,3519
1500000US250251606022,250251606022,"Block Group 2, Census Tract 1606.02, Suffolk County, Massachusetts",32317,9548
1500000US250251606023,250251606023,"Block Group 3, Census Tract 1606.02, Suffolk County, Massachusetts",28081,11505
1500000US250251606024,250251606024,"Block Group 4, Census Tract 1606.02, Suffolk County, Massachusetts",8657,2414
1500000US250251606025,250251606025,"Block Group 5, Census Tract 1606.02, Suffolk County, Massachusetts",30084,10355
1500000US250251701001,250251701001,"Block Group 1, Census Tract 1701, Suffolk County, Massachusetts",19718,4323
1500000US250251701002,250251701002,"Block Group 2, Census Tract 1701, Suffolk County, Massachusetts",23298,5704
1500000US250251701003,250251701003,"Block Group 3, Census Tract 1701, Suffolk County, Massachusetts",22542,10093
1500000US250251701004,250251701004,"Block Group 4, Census Tract 1701, Suffolk County, Massachusetts",22926,7865
1500000US250251701005,250251701005,"Block Group 5, Census Tract 1701, Suffolk County, Massachusetts",30079,10201
1500000US250251701006,250251701006,"Block Group 6, Census Tract 1701, Suffolk County, Massachusetts",39017,6875
1500000US250251701007,250251701007,"Block Group 7, Census Tract 1701, Suffolk County, Massachusetts",20959,5350
1500000US250251702001,250251702001,"Block Group 1, Census Tract 1702, Suffolk County, Massachusetts",15753,2844
1500000US250251702002,250251702002,"Block Group 2, Census Tract 1702, Suffolk County, Massachusetts",17570,4289
1500000US250251702003,250251702003,"Block Group 3, Census Tract 1702, Suffolk County, Massachusetts",24816,11409
1500000US250251702004,250251702004,"Block Group 4, Census Tract 1702, Suffolk County, Massachusetts",34900,5747
1500000US250251703001,250251703001,"Block Group 1, Census Tract 1703, Suffolk County, Massachusetts",41574,8330
1500000US250251703002,250251703002,"Block Group 2, Census Tract 1703, Suffolk County, Massachusetts",21739,5897
1500000US250251703003,250251703003,"Block Group 3, Census Tract 1703, Suffolk County, Massachusetts",26488,5989
1500000US250251703004,250251703004,"Block Group 4, Census Tract 1703, Suffolk County, Massachusetts",29137,6055
1500000US250251703005,250251703005,"Block Group 5, Census Tract 1703, Suffolk County, Massachusetts",39560,21299
1500000US250251703006,250251703006,"Block Group 6, Census Tract 1703, Suffolk County, Massachusetts",25876,8510
1500000US250251703007,250251703007,"Block Group 7, Census Tract 1703, Suffolk County, Massachusetts",23178,9942
1500000US250251704001,250251704001,"Block Group 1, Census Tract 1704, Suffolk County, Massachusetts",28279,11764
1500000US250251704002,250251704002,"Block Group 2, Census Tract 1704, Suffolk County, Massachusetts",26349,5202
1500000US250251704003,250251704003,"Block Group 3, Census Tract 1704, Suffolk County, Massachusetts",16732,6605
1500000US250251704004,250251704004,"Block Group 4, Census Tract 1704, Suffolk County, Massachusetts",26700,6790
1500000US250251705011,250251705011,"Block Group 1, Census Tract 1705.01, Suffolk County, Massachusetts",30686,8733
1500000US250251705012,250251705012,"Block Group 2, Census Tract 1705.01, Suffolk County, Massachusetts",29398,5952
1500000US250251705021,250251705021,"Block Group 1, Census Tract 1705.02, Suffolk County, Massachusetts",36615,7507
1500000US250251705022,250251705022,"Block Group 2, Census Tract 1705.02, Suffolk County, Massachusetts",28008,5994
1500000US250251706011,250251706011,"Block Group 1, Census Tract 1706.01, Suffolk County, Massachusetts",29026,4320
1500000US250251706012,250251706012,"Block Group 2, Census Tract 1706.01, Suffolk County, Massachusetts",25735,5507
1500000US250251706013,250251706013,"Block Group 3, Census Tract 1706.01, Suffolk County, Massachusetts",23511,4101
1500000US250251706014,250251706014,"Block Group 4, Census Tract 1706.01, Suffolk County, Massachusetts",22619,4778
1500000US250251707011,250251707011,"Block Group 1, Census Tract 1707.01, Suffolk County, Massachusetts",33744,7207
1500000US250251707012,250251707012,"Block Group 2, Census Tract 1707.01, Suffolk County, Massachusetts",29135,8627
1500000US250251707021,250251707021,"Block Group 1, Census Tract 1707.02, Suffolk County, Massachusetts",21129,11626
1500000US250251707022,250251707022,"Block Group 2, Census Tract 1707.02, Suffolk County, Massachusetts",27490,10974
1500000US250251707023,250251707023,"Block Group 3, Census Tract 1707.02, Suffolk County, Massachusetts",24386,12537
1500000US250251707024,250251707024,"Block Group 4, Census Tract 1707.02, Suffolk County, Massachusetts",21815,5474
1500000US250251707025,250251707025,"Block Group 5, Census Tract 1707.02, Suffolk County, Massachusetts",17308,4257
1500000US250251708001,250251708001,"Block Group 1, Census Tract 1708, Suffolk County, Massachusetts",27489,7432
1500000US250251708002,250251708002,"Block Group 2, Census Tract 1708, Suffolk County, Massachusetts",27575,10198
1500000US250251708003,250251708003,"Block Group 3, Census Tract 1708, Suffolk County, Massachusetts",17513,4540
1500000US250251708004,250251708004,"Block Group 4, Census Tract 1708, Suffolk County, Massachusetts",33964,8517
1500000US250251801011,250251801011,"Block Group 1, Census Tract 1801.01, Suffolk County, Massachusetts",34396,13460
1500000US250251801012,250251801012,"Block Group 2, Census Tract 1801.01, Suffolk County, Massachusetts",50958,10013
1500000US250251801013,250251801013,"Block Group 3, Census Tract 1801.01, Suffolk County, Massachusetts",25952,5947
1500000US250251802001,250251802001,"Block Group 1, Census Tract 1802, Suffolk County, Massachusetts",27723,7763
1500000US250251802002,250251802002,"Block Group 2, Census Tract 1802, Suffolk County, Massachusetts",32826,4847
1500000US250251802003,250251802003,"Block Group 3, Census Tract 1802, Suffolk County, Massachusetts",33138,7289
1500000US250251802004,250251802004,"Block Group 4, Census Tract 1802, Suffolk County, Massachusetts",30747,8301
1500000US250251803011,250251803011,"Block Group 1, Census Tract 1803.01, Suffolk County, Massachusetts",44348,13562
1500000US250251803012,250251803012,"Block Group 2, Census Tract 1803.01, Suffolk County, Massachusetts",46870,14164
1500000US250251803013,250251803013,"Block Group 3, Census Tract 1803.01, Suffolk County, Massachusetts",42711,13185
1500000US250251803014,250251803014,"Block Group 4, Census Tract 1803.01, Suffolk County, Massachusetts",53118,14218
1500000US250251804001,250251804001,"Block Group 1, Census Tract 1804, Suffolk County, Massachusetts",33744,5598
1500000US250251804002,250251804002,"Block Group 2, Census Tract 1804, Suffolk County, Massachusetts",36198,6043
1500000US250251805001,250251805001,"Block Group 1, Census Tract 1805, Suffolk County, Massachusetts",33635,6544
1500000US250251805002,250251805002,"Block Group 2, Census Tract 1805, Suffolk County, Massachusetts",46333,12240
1500000US250251805003,250251805003,"Block Group 3, Census Tract 1805, Suffolk County, Massachusetts",38275,8673
1500000US250251805004,250251805004,"Block Group 4, Census Tract 1805, Suffolk County, Massachusetts",39881,7832
1500000US250259801011,250259801011,"Block Group 1, Census Tract 9801.01, Suffolk County, Massachusetts",7029,3741
1500000US250259803001,250259803001,"Block Group 1, Census Tract 9803, Suffolk County, Massachusetts",6072,1972
1500000US250259807001,250259807001,"Block Group 1, Census Tract 9807, Suffolk County, Massachusetts",37533,2243
1500000US250259810001,250259810001,"Block Group 1, Census Tract 9810, Suffolk County, Massachusetts",-,**
1500000US250259811001,250259811001,"Block Group 1, Census Tract 9811, Suffolk County, Massachusetts",-,**
1500000US250259811002,250259811002,"Block Group 2, Census Tract 9811, Suffolk County, Massachusetts",-,**
1500000US250259811004,250259811004,"Block Group 4, Census Tract 9811, Suffolk County, Massachusetts",13225,5416
1500000US250259812011,250259812011,"Block Group 1, Census Tract 9812.01, Suffolk County, Massachusetts",-,**
1500000US250259812021,250259812021,"Block Group 1, Census Tract 9812.02, Suffolk County, Massachusetts",23308,8140
1500000US250259813001,250259813001,"Block Group 1, Census Tract 9813, Suffolk County, Massachusetts",-,**
1500000US250259813002,250259813002,"Block Group 2, Census Tract 9813, Suffolk County, Massachusetts",59230,13696
1500000US250259815011,250259815011,"Block Group 1, Census Tract 9815.01, Suffolk County, Massachusetts",-,**
1500000US250259815021,250259815021,"Block Group 1, Census Tract 9815.02, Suffolk County, Massachusetts",-,**
1500000US250259816001,250259816001,"Block Group 1, Census Tract 9816, Suffolk County, Massachusetts",-,**
1500000US250259817001,250259817001,"Block Group 1, Census Tract 9817, Suffolk County, Massachusetts",-,**
1500000US250259818001,250259818001,"Block Group 1, Census Tract 9818, Suffolk County, Massachusetts",139258,58609
1500000US250259901010,250259901010,"Block Group 0, Census Tract 9901.01, Suffolk County, Massachusetts",-,**
