GEO.id,Id
GEO.id2,Id2
GEO.display-label,Geography
HD01_VD01,Estimate; Total:
HD02_VD01,Margin of Error; Total:
HD01_VD02,"Estimate; Total: - Less than $10,000"
HD02_VD02,"Margin of Error; Total: - Less than $10,000"
HD01_VD03,"Estimate; Total: - $10,000 to $14,999"
HD02_VD03,"Margin of Error; Total: - $10,000 to $14,999"
HD01_VD04,"Estimate; Total: - $15,000 to $19,999"
HD02_VD04,"Margin of Error; Total: - $15,000 to $19,999"
HD01_VD05,"Estimate; Total: - $20,000 to $24,999"
HD02_VD05,"Margin of Error; Total: - $20,000 to $24,999"
HD01_VD06,"Estimate; Total: - $25,000 to $29,999"
HD02_VD06,"Margin of Error; Total: - $25,000 to $29,999"
HD01_VD07,"Estimate; Total: - $30,000 to $34,999"
HD02_VD07,"Margin of Error; Total: - $30,000 to $34,999"
HD01_VD08,"Estimate; Total: - $35,000 to $39,999"
HD02_VD08,"Margin of Error; Total: - $35,000 to $39,999"
HD01_VD09,"Estimate; Total: - $40,000 to $49,999"
HD02_VD09,"Margin of Error; Total: - $40,000 to $49,999"
HD01_VD10,"Estimate; Total: - $50,000 to $59,999"
HD02_VD10,"Margin of Error; Total: - $50,000 to $59,999"
HD01_VD11,"Estimate; Total: - $60,000 to $69,999"
HD02_VD11,"Margin of Error; Total: - $60,000 to $69,999"
HD01_VD12,"Estimate; Total: - $70,000 to $79,999"
HD02_VD12,"Margin of Error; Total: - $70,000 to $79,999"
HD01_VD13,"Estimate; Total: - $80,000 to $89,999"
HD02_VD13,"Margin of Error; Total: - $80,000 to $89,999"
HD01_VD14,"Estimate; Total: - $90,000 to $99,999"
HD02_VD14,"Margin of Error; Total: - $90,000 to $99,999"
HD01_VD15,"Estimate; Total: - $100,000 to $124,999"
HD02_VD15,"Margin of Error; Total: - $100,000 to $124,999"
HD01_VD16,"Estimate; Total: - $125,000 to $149,999"
HD02_VD16,"Margin of Error; Total: - $125,000 to $149,999"
HD01_VD17,"Estimate; Total: - $150,000 to $174,999"
HD02_VD17,"Margin of Error; Total: - $150,000 to $174,999"
HD01_VD18,"Estimate; Total: - $175,000 to $199,999"
HD02_VD18,"Margin of Error; Total: - $175,000 to $199,999"
HD01_VD19,"Estimate; Total: - $200,000 to $249,999"
HD02_VD19,"Margin of Error; Total: - $200,000 to $249,999"
HD01_VD20,"Estimate; Total: - $250,000 to $299,999"
HD02_VD20,"Margin of Error; Total: - $250,000 to $299,999"
HD01_VD21,"Estimate; Total: - $300,000 to $399,999"
HD02_VD21,"Margin of Error; Total: - $300,000 to $399,999"
HD01_VD22,"Estimate; Total: - $400,000 to $499,999"
HD02_VD22,"Margin of Error; Total: - $400,000 to $499,999"
HD01_VD23,"Estimate; Total: - $500,000 to $749,999"
HD02_VD23,"Margin of Error; Total: - $500,000 to $749,999"
HD01_VD24,"Estimate; Total: - $750,000 to $999,999"
HD02_VD24,"Margin of Error; Total: - $750,000 to $999,999"
HD01_VD25,"Estimate; Total: - $1,000,000 to $1,499,999"
HD02_VD25,"Margin of Error; Total: - $1,000,000 to $1,499,999"
HD01_VD26,"Estimate; Total: - $1,500,000 to $1,999,999"
HD02_VD26,"Margin of Error; Total: - $1,500,000 to $1,999,999"
HD01_VD27,"Estimate; Total: - $2,000,000 or more"
HD02_VD27,"Margin of Error; Total: - $2,000,000 or more"
