shapeid,tract_and_block_group
0,9501002
1,4177021
2,3661005
3,8120012
4,0604001
5,2505001
6,6511003
7,1008003
8,2683001
9,2216003
10,0102031
11,4081013
12,1007001
13,3116003
14,4572003
15,5202012
16,3323001
17,6552001
18,0008024
19,2175005
20,8117002
21,3611002
22,2176003
23,3336006
24,6311005
25,2175001
26,3686005
27,8024002
28,0911001
29,4222003
30,2513002
31,6501021
32,5051023
33,7307003
34,7311012
35,3163001
36,5116005
37,2171003
38,8114002
39,1708004
40,2001003
41,6527004
42,5001042
43,2041014
44,4175012
45,2022004
46,3541002
47,2514004
48,3117002
49,7324004
50,4193004
51,6409011
52,1105021
53,4134023
54,2101004
55,3381002
56,3526001
57,2105004
58,0002022
59,8017005
60,2043002
61,3423002
62,8103001
63,6403002
64,5212023
65,6406002
66,2604011
67,1204003
68,3332002
69,4222002
70,7318002
71,3113001
72,7262002
73,0703001
74,0918003
75,3684004
76,3324002
77,1203011
78,4181021
79,0104033
80,2063002
81,3514043
82,0102042
83,0701017
84,2684003
85,5106002
86,0103042
87,0108011
88,3546002
89,3563004
90,3413003
91,8026013
92,6511001
93,3529001
94,6314002
95,2066004
96,2106004
97,3682001
98,3883002
99,2605003
100,2173001
101,8124032
102,4021012
103,5061025
104,2611012
105,8107005
106,6504004
107,5091014
108,2071001
109,2063001
110,0105002
111,2107004
112,3632022
113,4007003
114,1003003
115,6316002
116,3883001
117,7313001
118,2608002
119,1005003
120,0003014
121,6507002
122,3545003
123,2201014
124,0701012
125,1707021
126,6409015
127,0913002
128,5212024
129,9001003
130,8108003
131,5115002
132,3401002
133,9009004
134,3641022
135,4042011
136,7322032
137,2057003
138,5112001
139,0137003
140,1301006
141,0121012
142,3412006
143,7092011
144,0104002
145,1106071
146,0007031
147,3733003
148,7102002
149,3393003
150,3652012
151,9002001
152,1003001
153,4564022
154,2516002
155,0406002
156,8120013
157,9001004
158,3522001
159,3701021
160,3102005
161,9351002
162,8133032
163,5115004
164,4192004
165,0504001
166,6404003
167,3416005
168,8116004
169,3527003
170,1605014
171,1203012
172,3567015
173,2610001
174,4180023
175,5113015
176,0101031
177,3416002
178,2233003
179,0712011
180,2508005
181,6421003
182,1401062
183,8117003
184,3702024
185,0818002
186,4221004
187,3704002
188,0120022
189,0902003
190,2104001
191,2031008
192,0203021
193,3400002
194,8110004
195,0118024
196,9005001
197,1009005
198,3509003
199,7315003
200,3701014
201,1803011
202,0147001
203,8133042
204,0512002
205,0102033
206,8003003
207,6552002
208,7316001
209,7316003
210,2515003
211,7251004
212,1702003
213,2507001
214,5241011
215,2518002
216,1304062
217,3372023
218,2541001
219,8118004
220,0701016
221,1604002
222,3164003
223,2021024
224,2606002
225,6301023
226,9002003
227,0805001
228,0814003
229,3334001
230,3421014
231,0002024
232,3101001
233,3384003
234,8116002
235,3525002
236,2172022
237,0126023
238,0814002
239,5109001
240,3572002
241,0919004
242,3836003
243,3704001
244,3352005
245,6405003
246,2111003
247,8217002
248,4174002
249,0143002
250,7471022
251,6554001
252,0903003
253,0806011
254,3527002
255,3418006
256,3423001
257,3362004
258,0301002
259,7314005
260,3564005
261,2509001
262,5305003
263,3334003
264,2172013
265,7073003
266,2513001
267,3742002
268,8007001
269,3531022
270,6404002
271,6442001
272,7320011
273,2052005
274,0601011
275,5105011
276,1708003
277,6521003
278,1605022
279,2091005
280,2522012
281,4151021
282,7302004
283,7311023
284,4111002
285,2112004
286,8014021
287,4043015
288,2114024
289,7326004
290,5109003
291,3343003
292,6420002
293,6528001
294,3416001
295,3529002
296,6418002
297,6404001
298,0903001
299,2059003
300,0914002
301,3417002
302,6413004
303,3213005
304,2601003
305,7411024
306,9811004
307,2511001
308,3361005
309,1103011
310,7441014
311,7423001
312,3566021
313,6417002
314,0150012
315,6422003
316,7097012
317,3141021
318,0917002
319,5108006
320,3840011
321,5115001
322,3833002
323,4043012
324,5117022
325,2541002
326,5111004
327,1802001
328,5105031
329,3373005
330,0503002
331,3567025
332,0605013
333,3514032
334,4421014
335,1011021
336,4135002
337,0103001
338,0106002
339,0202003
340,0301001
341,0403004
342,1006014
343,1010013
344,1008002
345,1010014
346,1011012
347,1104012
348,1104034
349,1105012
350,1205002
351,1204004
352,1301004
353,1303004
354,1304021
355,1401023
356,1403001
357,1601012
358,1603001
359,1606022
360,1701001
361,1701005
362,1702001
363,1703007
364,1703005
365,0303004
366,0502001
367,0507003
368,0601013
369,0605015
370,0608003
371,0701013
372,0702001
373,0707002
374,0708001
375,0805002
376,0809003
377,0811001
378,0817002
379,0819003
380,0820003
381,0901003
382,0902002
383,0911005
384,0911002
385,0913001
386,0918002
387,0920004
388,0108003
389,0145001
390,0148001
391,0125024
392,0922003
393,1001004
394,1003004
395,0001002
396,0507002
397,0004021
398,1404005
399,0005021
400,0006013
401,0006021
402,0007014
403,0007042
404,1704002
405,1706011
406,1802002
407,0140023
408,0116002
409,0114004
410,0143005
411,0112004
412,0101003
413,0135002
414,0121015
415,5091024
416,5061014
417,5062021
418,5423003
419,5423005
420,5081014
421,5081023
422,5305002
423,5309014
424,5305001
425,5022004
426,5051013
427,5241012
428,5212011
429,9222001
430,5101002
431,5103001
432,5105022
433,5107002
434,5111003
435,5112003
436,5113024
437,5114003
438,5116003
439,5117011
440,5441003
441,5071033
442,5261003
443,9221004
444,9222004
445,9311001
446,9251004
447,9332001
448,9141005
449,9131006
450,9353001
451,9213003
452,9001001
453,9004005
454,9006002
455,9009001
456,5031023
457,5012012
458,5001013
459,9201021
460,9342001
461,2602001
462,2603021
463,2605002
464,2232002
465,2502003
466,2506002
467,2509002
468,2516001
469,2056003
470,2057004
471,2061001
472,2063003
473,2065003
474,2069002
475,2664002
476,2541003
477,2542003
478,2111002
479,2112001
480,2213003
481,2601002
482,2042003
483,2661005
484,2046005
485,2081023
486,2022001
487,2532052
488,2032003
489,2621001
490,2523001
491,2524001
492,2011002
493,2682003
494,2531005
495,2102001
496,2108002
497,3384002
498,3332001
499,3334004
500,3335011
501,3507004
502,3851002
503,3837003
504,3835011
505,3834003
506,3832004
507,3823001
508,3822002
509,3821004
510,3661004
511,3641013
512,3632012
513,3631043
514,3689014
515,3691005
516,3701013
517,3703001
518,3704005
519,3311011
520,3313001
521,3221001
522,3213002
523,3172031
524,3171023
525,3165001
526,3162011
527,3155004
528,3154032
529,3613005
530,3612002
531,3591003
532,3271012
533,3241021
534,3112001
535,3106011
536,3102002
537,3143014
538,3143012
539,3141023
540,3131023
541,3125021
542,3121002
543,3119002
544,3117001
545,3114003
546,0410001
547,0412001
548,0413004
549,0414001
550,0415024
551,4134011
552,4401003
553,4172007
554,4175013
555,4175023
556,4176012
557,4179011
558,3372022
559,3501042
560,3502006
561,3506002
562,3509001
563,3512042
564,4179021
565,4181013
566,4201002
567,4143002
568,4111005
569,4112001
570,4111003
571,4044002
572,4043013
573,4122001
574,4221003
575,4225013
576,8021002
577,8022001
578,8023004
579,8026021
580,8127011
581,8132053
582,8122012
583,3372012
584,3351003
585,3351001
586,3353021
587,3681013
588,3684001
589,3364011
590,3567014
591,3563005
592,3564006
593,3565001
594,3566024
595,3567021
596,3571003
597,4228004
598,4203022
599,4571003
600,4431024
601,4193002
602,4202011
603,4003003
604,4005001
605,4008001
606,4010001
607,4010003
608,4231003
609,4176022
610,8123003
611,8129013
612,8132063
613,8132073
614,8130004
615,8107002
616,8107003
617,8109024
618,8112004
619,8113013
620,8113022
621,8135001
622,8115001
623,3573002
624,3574002
625,3575001
626,3577003
627,3331001
628,3525001
629,3532001
630,3533003
631,3537004
632,3540001
633,3543001
634,3547001
635,3548001
636,3550002
637,4024006
638,4024003
639,4101001
640,4103002
641,4422021
642,4212004
643,4081012
644,4162002
645,4164004
646,4031001
647,4033001
648,4034004
649,8118005
650,8120011
651,8121044
652,8133011
653,8130002
654,8001023
655,8002014
656,8004003
657,8006003
658,8008001
659,8014022
660,8016032
661,8017004
662,3423003
663,3425001
664,3584002
665,3586004
666,3411012
667,3414001
668,3415004
669,3416006
670,3419023
671,3392005
672,3392002
673,3395004
674,3397004
675,3400003
676,4131002
677,4132001
678,4133003
679,8018004
680,8019023
681,3401001
682,3361001
683,3362003
684,3364022
685,3732002
686,3735001
687,3737001
688,3738001
689,3740003
690,3741001
691,3745004
692,3748003
693,3302003
694,3344005
695,9007001
696,4180025
697,4563024
698,4203025
699,4113023
700,4172006
701,4176023
702,4222004
703,4225014
704,2671012
705,2022003
706,2544022
707,2081011
708,2021023
709,2526023
710,2532022
711,2021025
712,2214003
713,2531003
714,7095021
715,7095023
716,7161005
717,7304013
718,7331012
719,7424021
720,7301001
721,7303002
722,7309012
723,7411022
724,7373003
725,7574003
726,3302002
727,3224002
728,3111002
729,3114001
730,3173021
731,3271032
732,3335013
733,3631023
734,9800001
735,3334002
736,3852024
737,3399004
738,3411022
739,3424001
740,3514034
741,3512031
742,3538004
743,3538002
744,3563006
745,3566011
746,3514033
747,3685001
748,3745001
749,3852012
750,3733002
751,3411025
752,3514042
753,3702013
754,3353023
755,3512041
756,0405014
757,4081011
758,4104004
759,4134013
760,4223023
761,8104141
762,8137024
763,8104042
764,8009001
765,8011011
766,8122011
767,6524002
768,6527003
769,6151005
770,6302002
771,6301011
772,6315001
773,6415002
774,6501013
775,3541001
776,0117002
777,0128001
778,0116003
779,0126022
780,0701014
781,5102004
782,5113012
783,5116007
784,5113023
785,5112004
786,5202023
787,5091025
788,5111006
789,7329015
790,1803014
791,0005031
792,0102043
793,0104052
794,1805002
795,0806012
796,0605014
797,0924005
798,1706012
799,0708002
800,1801012
801,0603012
802,0804011
803,0603013
804,1101031
805,8212001
806,8211005
807,8226011
808,6171015
809,6141012
810,6316003
811,6112011
812,6451013
813,6002022
814,6511004
815,6523001
816,6418003
817,6410002
818,6553001
819,6302004
820,6413001
821,6411012
822,6421002
823,6553003
824,6441021
825,6137001
826,6507001
827,6512001
828,6523002
829,6505003
830,6304003
831,6317002
832,6139011
833,6138004
834,6101003
835,6151001
836,6518001
837,6509002
838,6509001
839,6514002
840,6405002
841,6402001
842,6321002
843,6508003
844,6311006
845,6441011
846,6406004
847,6408001
848,8203003
849,8224013
850,8224022
851,8214002
852,8215002
853,8216022
854,8210002
855,8201021
856,7441012
857,7365002
858,7571004
859,7032001
860,7161003
861,7326001
862,7281003
863,7424011
864,7307004
865,7312041
866,7308021
867,7319003
868,7081002
869,7424012
870,7102005
871,7612001
872,7105002
873,7352004
874,7581022
875,7614003
876,7372001
877,7381001
878,7310021
879,7431003
880,7351002
881,7310024
882,7331021
883,7304014
884,7282003
885,7363003
886,7371001
887,7318001
888,7323021
889,7327003
890,7322022
891,7312032
892,7096002
893,7613003
894,7106002
895,7329013
896,7364003
897,7303003
898,7591001
899,7161002
900,7591002
901,7511022
902,7581023
903,7573002
904,7441021
905,7251003
906,7613001
907,7471013
908,2003003
909,2002005
910,2002004
911,3123003
912,6552003
913,1105023
914,2173002
915,8006001
916,3826011
917,0120013
918,1203013
919,2525011
920,6451022
921,0134004
922,2514002
923,1403006
924,9009002
925,1002003
926,3398014
927,0408011
928,2021012
929,0809001
930,3509002
931,3536002
932,6314001
933,3831012
934,7318003
935,1201043
936,2526014
937,1708002
938,3563003
939,6419001
940,7110003
941,6002023
942,1802003
943,6161001
944,3424002
945,3251004
946,2606003
947,9322001
948,4225011
949,0101004
950,8205003
951,8009002
952,3502005
953,8121043
954,3222001
955,0402002
956,3508001
957,6408002
958,3421011
959,4227002
960,2651012
961,7307002
962,2175002
963,4194001
964,7262004
965,3704006
966,2532031
967,3352003
968,2021022
969,3324001
970,3415002
971,5022001
972,9201011
973,5211021
974,2041022
975,0007011
976,4021013
977,1205003
978,1105013
979,3507003
980,2071002
981,7364001
982,6553002
983,3703006
984,2174001
985,3745002
986,5108004
987,3155006
988,0125022
989,2066001
990,4011003
991,2091003
992,0401002
993,0611011
994,2058001
995,3824001
996,0917001
997,0911004
998,3104003
999,6508002
1000,2151022
1001,7312021
1002,7317002
1003,3507006
1004,4223021
1005,4231002
1006,8129031
1007,8016021
1008,3399002
1009,3738004
1010,7442001
1011,6410001
1012,8201023
1013,4164005
1014,7101002
1015,1005004
1016,1007005
1017,1403002
1018,0919003
1019,1101037
1020,9813001
1021,5212013
1022,2201013
1023,9352001
1024,4431011
1025,2047023
1026,2683004
1027,0126012
1028,3502002
1029,0108012
1030,3111001
1031,8019021
1032,3333003
1033,6461014
1034,2064003
1035,2001005
1036,5302002
1037,3533001
1038,0711012
1039,2684004
1040,0304002
1041,5304002
1042,2070001
1043,2106002
1044,0804012
1045,3549002
1046,2082003
1047,2523003
1048,4022002
1049,6516003
1050,6520003
1051,3505002
1052,3732004
1053,3501041
1054,0304001
1055,0108013
1056,3821005
1057,1804001
1058,5108001
1059,7327004
1060,3701023
1061,2604014
1062,2525021
1063,6409014
1064,6407001
1065,6102022
1066,8008002
1067,8113014
1068,5062033
1069,6321004
1070,3223002
1071,5081015
1072,3688004
1073,6304002
1074,8111023
1075,7543002
1076,4001003
1077,3352004
1078,2057001
1079,3586003
1080,3412003
1081,3398012
1082,3421022
1083,1002001
1084,0104031
1085,2508001
1086,2065001
1087,3572003
1088,2514001
1089,2044002
1090,4113022
1091,3526002
1092,5051015
1093,3183001
1094,6521002
1095,2506003
1096,8015012
1097,3372021
1098,3566023
1099,0201013
1100,8130006
1101,7309011
1102,3364012
1103,4162001
1104,3391002
1105,2671011
1106,3373002
1107,8121032
1108,2084003
1109,7307006
1110,7091003
1111,1004001
1112,0612002
1113,3418005
1114,7303001
1115,2062002
1116,3155003
1117,2510001
1118,5251014
1119,1304043
1120,2046004
1121,2521011
1122,2684001
1123,3506003
1124,3736003
1125,3741002
1126,3746004
1127,3333002
1128,3833001
1129,3507002
1130,3701025
1131,3216003
1132,3181002
1133,9502001
1134,3593002
1135,3141022
1136,3121003
1137,0202002
1138,1006011
1139,1011023
1140,1301002
1141,1304024
1142,1604001
1143,1606012
1144,1701004
1145,0403002
1146,0602001
1147,0611012
1148,0801002
1149,0819004
1150,0904003
1151,0912002
1152,0128002
1153,0923004
1154,0001003
1155,0005044
1156,0006023
1157,1802004
1158,0412003
1159,0406002
1160,0115001
1161,0110023
1162,0003021
1163,5061011
1164,4401001
1165,4172002
1166,3501044
1167,5423001
1168,5021012
1169,5051021
1170,5211012
1171,5101001
1172,4203024
1173,4041002
1174,4221001
1175,8026012
1176,3515001
1177,3352002
1178,3567012
1179,4563022
1180,4202022
1181,5113014
1182,5231002
1183,9221001
1184,9121003
1185,9213004
1186,9002006
1187,5001041
1188,5001041
1189,4152002
1190,8124034
1191,8132082
1192,8111011
1193,3573003
1194,3575003
1195,3336004
1196,3533002
1197,3546003
1198,4101003
1199,4163005
1200,2605001
1201,2232003
1202,2513003
1203,8121011
1204,8002015
1205,8012003
1206,3586005
1207,3414003
1208,3392004
1209,3396002
1210,4133001
1211,2542002
1212,8104041
1213,8127012
1214,8009003
1215,4151023
1216,4563012
1217,2011001
1218,2517003
1219,2151024
1220,7511012
1221,7328012
1222,7322023
1223,3688002
1224,3523001
1225,3224003
1226,3852021
1227,3501032
1228,3528002
1229,3566022
1230,3831011
1231,3512043
1232,5052001
1233,5241021
1234,5421014
1235,5241022
1236,1402023
1237,0107022
1238,0704021
1239,1401021
1240,6527001
1241,6133001
1242,6419002
1243,6531014
1244,0812001
1245,8208021
1246,8217003
1247,8219012
1248,7327002
1249,6151002
1250,6420003
1251,6503004
1252,6409012
1253,7521002
1254,6501012
1255,6531011
1256,6301022
1257,7282004
1258,7306001
1259,7318004
1260,7423002
1261,6405001
1262,6519002
1263,7315002
1264,7211011
1265,7095022
1266,7442002
1267,3221004
1268,4572004
1269,3731005
1270,3353022
1271,0143001
1272,2219012
1273,3113002
1274,1707012
1275,5308025
1276,2507002
1277,3510004
1278,4177023
1279,4178011
1280,2544021
1281,3414004
1282,7312031
1283,3105002
1284,7304012
1285,2109001
1286,6513002
1287,8017002
1288,0603011
1289,0120021
1290,3361003
1291,6102043
1292,8103002
1293,0911003
1294,7551002
1295,3241013
1296,2541004
1297,2041011
1298,2108001
1299,1605012
1300,5117014
1301,1010012
1302,3341002
1303,8111013
1304,3115003
1305,4231004
1306,9003003
1307,0121023
1308,9121004
1309,2173003
1310,2651011
1311,8012002
1312,3422022
1313,3419021
1314,7097021
1315,3164004
1316,4571004
1317,9007003
1318,8026015
1319,3576001
1320,0104053
1321,0303001
1322,1011022
1323,1605013
1324,0502004
1325,0907002
1326,0916001
1327,0002013
1328,1404007
1329,5423006
1330,5453001
1331,5114004
1332,9251001
1333,9001002
1334,5011023
1335,2610003
1336,2066002
1337,2103002
1338,3836002
1339,3831022
1340,3703007
1341,3161021
1342,3122002
1343,6414001
1344,0501011
1345,4171001
1346,4175022
1347,3504002
1348,4142004
1349,4123003
1350,8022002
1351,3684005
1352,4043022
1353,4004003
1354,8132062
1355,8113023
1356,3536004
1357,4104001
1358,4162004
1359,4031002
1360,8011021
1361,3426001
1362,3396001
1363,3362007
1364,3743001
1365,6502011
1366,4196003
1367,4180042
1368,2526021
1369,7316004
1370,9818001
1371,3530004
1372,3514041
1373,0104042
1374,0921013
1375,0821003
1376,4223025
1377,7162002
1378,7221004
1379,7363002
1380,7314004
1381,7327001
1382,6418001
1383,6508004
1384,6504001
1385,6505001
1386,6508001
1387,8207003
1388,8216021
1389,3544002
1390,1005005
1391,2001004
1392,1105011
1393,3422012
1394,9221002
1395,3632013
1396,1705022
1397,5212012
1398,3417005
1399,0504002
1400,6442006
1401,7324001
1402,8111014
1403,8021004
1404,2052003
1405,1801013
1406,0002012
1407,2004003
1408,2004003
1409,0705003
1410,0401002
1411,2671013
1412,5303002
1413,5303002
1414,2691001
1415,8138011
1416,6401004
1417,5232023
1418,3530002
1419,8011022
1420,0924002
1421,9002004
1422,7315001
1423,6161003
1424,3504005
1425,7162001
1426,5252032
1427,3521021
1428,1401072
1429,0115005
1430,3572004
1431,2609004
1432,6102041
1433,7331011
1434,7531005
1435,2531002
1436,2068002
1437,5612001
1438,7104001
1439,4008003
1440,3661001
1441,1207001
1442,4134022
1443,2214002
1444,4043023
1445,5421011
1446,8124011
1447,3583001
1448,7502002
1449,3382001
1450,2515004
1451,8101004
1452,5451002
1453,2607001
1454,0122001
1455,2504003
1456,7411023
1457,0144022
1458,0115002
1459,0153001
1460,7231002
1461,1101033
1462,7318005
1463,6102031
1464,2691003
1465,2502004
1466,3682004
1467,4201003
1468,4173002
1469,0810011
1470,3385001
1471,8122022
1472,0108005
1473,6321005
1474,0007032
1475,8024004
1476,8132042
1477,5091023
1478,9201022
1479,6442003
1480,6322005
1481,4151012
1482,6111011
1483,8210004
1484,5031012
1485,7261001
1486,7320023
1487,5307002
1488,0111003
1489,7011003
1490,2131003
1491,8219031
1492,8136012
1493,7328021
1494,2631001
1495,3651004
1496,4123002
1497,3261021
1498,7601002
1499,3322004
1500,0305001
1501,2221002
1502,7108002
1503,3335021
1504,0127002
1505,9901000
1506,9901000
1507,9901000
1508,9901000
1509,9901000
1510,9901000
1511,0149004
1512,6451011
1513,9343002
1514,8138013
1515,2221001
1516,3312002
1517,3631032
1518,8104122
1519,7302002
1520,0102032
1521,0512003
1522,3321001
1523,3838005
1524,7271001
1525,7391003
1526,8023002
1527,0107021
1528,9231003
1529,5103002
1530,3106023
1531,3531011
1532,3732003
1533,2603012
1534,9121007
1535,3503003
1536,2532051
1537,2501001
1538,0922004
1539,6510011
1540,2201012
1541,0148004
1542,2058003
1543,3691001
1544,8211004
1545,4421023
1546,7011006
1547,2518004
1548,3567026
1549,3593005
1550,3322001
1551,2121002
1552,9011004
1553,3564004
1554,2215001
1555,2683003
1556,4152001
1557,3331005
1558,3536003
1559,5111001
1560,4224004
1561,8125003
1562,1404004
1563,7031001
1564,7394004
1565,3564003
1566,0002014
1567,7092023
1568,9007002
1569,3332004
1570,0110021
1571,5105023
1572,7262001
1573,0153002
1574,1401061
1575,7051001
1576,7391005
1577,8106013
1578,3165002
1579,9313001
1580,0509013
1581,3401006
1582,0102083
1583,2215002
1584,6451012
1585,5031022
1586,3163004
1587,0101041
1588,2081021
1589,8126002
1590,8207001
1591,3742001
1592,4151025
1593,3143013
1594,3840023
1595,0604004
1596,7051003
1597,3181001
1598,5306002
1599,0008031
1600,0134003
1601,2031002
1602,3392001
1603,5051024
1604,9251006
1605,3102001
1606,3201031
1607,1401051
1608,4176021
1609,2104004
1610,3602003
1611,3872013
1612,4561011
1613,4091021
1614,8137023
1615,4162003
1616,7304022
1617,2003002
1618,6554004
1619,6554004
1620,2671024
1621,5454003
1622,0125021
1623,0122003
1624,0107003
1625,8018005
1626,6506001
1627,4012003
1628,5454001
1629,2114011
1630,9131007
1631,5103003
1632,8120021
1633,1602003
1634,8226063
1635,4006001
1636,2022005
1637,8001022
1638,9009003
1639,7612003
1640,2059002
1641,0910014
1642,3364021
1643,3395002
1644,4135001
1645,0411002
1646,6405005
1647,2091002
1648,2532024
1649,6513001
1650,4131004
1651,3672005
1652,3831021
1653,6411011
1654,5104004
1655,3561002
1656,7571002
1657,3181004
1658,9251003
1659,2502002
1660,2111004
1661,3342004
1662,9141002
1663,1104031
1664,0126024
1665,8015021
1666,1707024
1667,8001012
1668,2532023
1669,4211001
1670,0151001
1671,3201042
1672,8205004
1673,3341001
1674,7401023
1675,7501002
1676,7431004
1677,2543011
1678,3131021
1679,4227004
1680,8024003
1681,6516002
1682,9504001
1683,6131001
1684,3507001
1685,2052002
1686,2068001
1687,7309021
1688,3744001
1689,2505002
1690,1010016
1691,2161003
1692,3394003
1693,0406003
1694,3141011
1695,0136003
1696,7541002
1697,0402001
1698,2610002
1699,7395002
1700,8132072
1701,0109004
1702,8119003
1703,5082002
1704,7121022
1705,8125002
1706,0803001
1707,7423005
1708,4201005
1709,0104003
1710,0201014
1711,7304021
1712,4131005
1713,2172021
1714,2233002
1715,6541004
1716,9817001
1717,3531021
1718,4179012
1719,5108002
1720,6533042
1721,2651013
1722,7092022
1723,3353012
1724,8203001
1725,0403005
1726,2211002
1727,6406003
1728,8113012
1729,3871004
1730,5309021
1731,1708001
1732,0152002
1733,4178021
1734,7322012
1735,1605023
1736,0002021
1737,6451021
1738,6442004
1739,0817004
1740,3662012
1741,8134031
1742,3417004
1743,3183004
1744,8118002
1745,0121014
1746,7441022
1747,0202001
1748,7312042
1749,3566013
1750,2516004
1751,2524003
1752,2062003
1753,0920003
1754,3839014
1755,3684003
1756,4224005
1757,3587003
1758,3731004
1759,2508004
1760,3521022
1761,6409013
1762,3826021
1763,8001011
1764,4163003
1765,5011011
1766,2604021
1767,3586002
1768,4192001
1769,2056001
1770,2663002
1771,4561023
1772,6002032
1773,0139002
1774,3537001
1775,2022006
1776,5022002
1777,7323012
1778,8201014
1779,2042005
1780,3838003
1781,8227003
1782,2101003
1783,2543023
1784,4563023
1785,1010021
1786,7371004
1787,3581001
1788,3872014
1789,3703002
1790,8016031
1791,2103001
1792,2151012
1793,0114001
1794,5117013
1795,1601013
1796,5108005
1797,6138003
1798,2181005
1799,7181004
1800,7072001
1801,5021023
1802,3542001
1803,3852022
1804,7001002
1805,6171012
1806,6402004
1807,8136014
1808,2047012
1809,7071003
1810,7001005
1811,0132001
1812,0102061
1813,5601004
1814,4192003
1815,9131005
1816,5061022
1817,3591002
1818,4042013
1819,7351003
1820,7308012
1821,9813002
1822,3426003
1823,0135004
1824,4172004
1825,3825002
1826,3124002
1827,7441011
1828,5401032
1829,0107012
1830,3744002
1831,7309023
1832,5306003
1833,1006012
1834,3689013
1835,4212001
1836,3739001
1837,0146004
1838,4401004
1839,6403003
1840,4007001
1841,2172011
1842,0405023
1843,2071003
1844,6171013
1844.ring1,6171013
1845,4177012
1846,3261023
1847,3104002
1848,7163001
1849,6401003
1850,0005032
1851,1106012
1852,7061001
1853,3733001
1854,4212002
1855,3154011
1856,3301005
1857,4171003
1858,7131002
1859,5241023
1860,7502003
1861,9222002
1862,8201012
1863,2042004
1864,2664003
1865,7110002
1866,3383002
1867,5113011
1868,3383001
1869,3703005
1870,2641001
1871,3541004
1872,2651021
1873,6139022
1874,0510002
1875,7572003
1876,9353002
1877,3631042
1878,0007015
1879,3123001
1880,0129001
1881,0404002
1882,5453002
1883,3354003
1884,4562002
1885,3399003
1886,2171002
1887,7402003
1888,3344001
1889,0131004
1890,6322003
1891,2092003
1892,0140024
1893,4023001
1894,3823004
1895,3413002
1896,3832003
1897,0138001
1898,3231003
1899,2691002
1900,5421012
1901,7614006
1902,3418003
1903,7352003
1904,7612002
1905,4421012
1906,8213001
1907,5102002
1908,5431001
1909,8138021
1910,0606001
1911,8202041
1912,4225023
1913,9121001
1914,3631031
1915,2691004
1916,8134043
1917,4412021
1918,1010023
1919,0401004
1920,3872021
1921,3001001
1922,2544024
1923,8127023
1924,4042012
1925,7614004
1926,1404001
1927,5452004
1928,0903002
1929,3221002
1930,1201053
1931,3731002
1932,4005002
1933,0402001
1934,1010015
1935,6526002
1936,4178022
1937,1705011
1938,2526024
1939,3861001
1940,9810001
1941,1704003
1942,0701015
1943,0923003
1944,0813001
1945,8018002
1946,8016012
1947,7521003
1948,1204001
1949,8129021
1950,8111024
1951,6514004
1952,6413005
1953,6171014
1954,3415003
1955,7051002
1956,6414002
1957,8202032
1958,2523002
1959,2609001
1960,0112003
1961,3702023
1962,6541002
1963,3593001
1964,4203014
1965,3826023
1966,0146001
1967,4195001
1968,3581002
1969,3852023
1970,3731003
1971,4011001
1972,0401001
1973,8004001
1974,8109021
1975,3422021
1976,0110024
1977,7031002
1978,3505001
1979,0008023
1980,3215002
1981,0104043
1982,5221011
1983,2609002
1984,0409003
1985,5107005
1986,6102034
1987,5423002
1988,0118021
1989,3336002
1990,2112002
1991,2218002
1992,8136016
1993,1606024
1994,2081024
1995,0107001
1996,1403003
1997,3373001
1998,5012011
1999,4222005
2000,4141001
2001,3231002
2002,6131004
2003,5202022
2004,4176014
2005,2113002
2006,2101002
2007,0134002
2008,3510002
2009,6423002
2010,8129012
2011,5304004
2012,3163005
2013,4071002
2014,7373004
2015,3161013
2016,3839022
2017,5452003
2018,3602004
2019,6171011
2020,5031021
2021,3671003
2022,9811003
2023,7575001
2024,8015013
2025,5061012
2026,6512002
2027,2213002
2028,1805004
2029,8226061
2030,3396006
2031,0106002
2032,2021021
2033,2233001
2034,1007004
2035,8132054
2036,3585002
2037,1303003
2038,0108004
2039,8120022
2040,2004006
2041,2004006
2042,2004006
2043,2004006
2044,2004006
2045,2066003
2046,0112001
2047,6322004
2048,2526031
2049,0403001
2050,0137001
2051,5232013
2052,4171005
2053,6001001
2054,4081022
2055,7511021
2056,3182002
2057,2512001
2058,2033013
2059,8112003
2060,0108021
2061,2032004
2062,6442005
2063,2109003
2064,0141001
2065,3652022
2066,7442004
2067,4193003
2068,0809002
2069,8227002
2070,2663001
2071,2525024
2072,6533015
2073,6112012
2074,3824002
2075,3882003
2076,4201001
2077,2518001
2078,4196002
2079,6510021
2080,7543001
2081,4227003
2082,7542002
2083,3652021
2084,3171012
2085,4012004
2086,9011003
2087,4176013
2088,8123001
2089,5221021
2090,3371021
2091,3391001
2092,1401071
2093,2051004
2094,6503001
2095,3571001
2096,2661004
2097,7071002
2098,2542001
2099,3161022
2100,3584001
2101,8025004
2102,3826024
2103,3661002
2104,7461002
2105,6311004
2106,7574001
2107,8109022
2108,0117003
2109,8111012
2110,7091001
2111,3631021
2112,1010011
2113,0602002
2114,9343001
2115,3011012
2116,6528003
2117,0108001
2118,8211003
2119,4163002
2120,7503001
2121,0103002
2122,7211021
2123,2504002
2124,8219032
2125,8125005
2125.ring1,8125005
2126,3502004
2127,8016022
2128,5052003
2129,4564012
2130,6112023
2131,8226051
2132,7097022
2133,4431014
2134,0132002
2135,2041012
2136,9815011
2137,5107006
2138,6402005
2139,7309013
2140,2602002
2141,6102042
2142,7365003
2143,4161014
2144,6423001
2145,4225021
2146,4180031
2147,3142002
2148,8136013
2149,4004002
2150,8021003
2151,3311022
2152,3701011
2153,0115004
2154,2609003
2155,0608001
2156,3502003
2157,5309013
2158,8102002
2159,2046002
2160,3351004
2161,2055001
2162,3537003
2163,2502001
2164,4162007
2165,0605011
2166,8226031
2167,7042002
2168,3419026
2169,8013001
2170,5105024
2171,5114001
2172,0118022
2173,0403002
2174,2521013
2175,4401005
2176,9006003
2177,3152004
2178,0105002
2179,7362001
2180,3107001
2181,8114001
2182,6121001
2183,3241023
2184,2631003
2185,1703002
2186,4194002
2187,0125023
2188,3241022
2189,3301003
2190,8213002
2191,3162021
2192,8122021
2193,6532033
2194,0129003
2195,5601005
2196,4412032
2197,3385004
2198,8207002
2199,4224003
2200,2043001
2201,5062031
2202,2174002
2203,3363001
2204,3322002
2205,3118002
2206,5102001
2207,3106024
2208,2523005
2209,0413005
2210,4226005
2211,3578004
2212,8124042
2213,3163002
2214,3418002
2215,0815002
2216,3531023
2217,9201012
2218,2033012
2219,6551003
2220,7092013
2221,7310011
2222,4142002
2223,2031003
2224,3281001
2225,8119001
2226,0408001
2227,4133002
2228,6322001
2229,9003001
2230,0131003
2231,3539003
2232,4044001
2233,5452001
2234,0147003
2235,1304042
2236,0105001
2237,8222002
2238,7307001
2239,6461011
2240,3131012
2241,2684002
2242,9352005
2243,3343004
2244,0107013
2245,3613002
2246,7075001
2247,1304025
2248,8108002
2249,9131003
2250,6420001
2251,5306005
2252,3602001
2253,4023003
2254,6133003
2255,4051001
2256,7131001
2257,0008021
2258,4002002
2259,1009004
2260,3381001
2261,3382002
2262,3385002
2263,3331003
2264,3331004
2265,9502003
2266,3333001
2267,3839012
2268,3838004
2269,3838001
2270,3836004
2271,3836001
2272,3834004
2273,3834002
2274,3834001
2275,3832002
2276,3832001
2277,3825003
2278,3823003
2279,3822004
2280,3334005
2281,3371023
2282,3335022
2283,3881003
2284,3881001
2285,3872023
2286,3872012
2287,3872011
2288,3861003
2289,3861002
2290,3839023
2291,3839015
2292,3822001
2293,9901010
2294,9901010
2295,9901010
2296,9901010
2297,9901010
2298,9901010
2299,9901010
2300,9901010
2301,9901010
2302,2031006
2303,2033021
2304,2041013
2305,2521012
2306,2521022
2307,2521023
2308,2121001
2309,2011004
2310,2681001
2311,2682004
2312,2683002
2313,2531001
2314,3165004
2315,3164006
2316,3164002
2317,3162022
2318,3162012
2319,3161023
2320,3161024
2321,3161011
2322,3155001
2323,3154021
2324,3151001
2325,3143021
2326,3621002
2327,0923001
2328,1001007
2329,1001002
2330,1002002
2331,1003002
2332,1004004
2333,0001004
2334,0002011
2335,0004014
2336,0004022
2337,0004023
2338,1304023
2339,0005041
2340,0005043
2341,0005023
2342,0006014
2343,0005024
2344,5411001
2345,3613001
2346,3612003
2347,3612001
2348,3611004
2349,3611001
2350,3593004
2351,3591004
2352,3271033
2353,3271031
2354,0007012
2355,0007041
2356,0007044
2357,0008022
2358,1703003
2359,1704001
2360,1706013
2361,1804002
2362,9223002
2363,3261012
2364,3251006
2365,0706001
2366,0706002
2367,0708003
2368,0709001
2369,0712012
2370,0711013
2371,0806013
2372,0810012
2373,0811002
2374,0815001
2375,0817003
2376,0818001
2377,0818003
2378,0821002
2379,0901002
2380,0902001
2381,0907004
2382,5031025
2383,5031024
2384,5221023
2385,5221025
2386,5012023
2387,5011024
2388,5011024
2389,5011024
2390,5011021
2391,5001011
2392,5001011
2393,5001011
2394,5001011
2395,5001011
2396,5001011
2397,5001011
2398,5001012
2399,0906001
2400,0909011
2401,0910012
2402,0912003
2403,0915001
2404,0915002
2405,0918001
2406,0919001
2407,0921012
2408,0921015
2409,5001044
2410,3821003
2411,3672003
2412,3672007
2413,3672002
2414,3671004
2415,3671001
2416,3661003
2417,1007003
2418,1008001
2419,9811002
2420,1010022
2421,1011013
2422,1101034
2423,1602001
2424,1605021
2425,1606011
2426,1606021
2427,1701003
2428,1701002
2429,1701007
2430,1702002
2431,1703006
2432,1703004
2433,0404011
2434,0406001
2435,0501013
2436,0502003
2437,3652023
2438,3652014
2439,3652011
2440,3652011
2441,3632021
2442,3632011
2443,3686002
2444,3688003
2445,3688001
2446,3689021
2447,3691003
2448,3701012
2449,3702012
2450,3702022
2451,3703004
2452,3704003
2453,1103012
2454,1106074
2455,1106072
2456,1201051
2457,1204005
2458,1206002
2459,1207002
2460,1301001
2461,1302003
2462,1303005
2463,1304041
2464,1304022
2465,1401022
2466,1402025
2467,1403004
2468,1404003
2469,0503001
2470,0509012
2471,0510001
2472,0604005
2473,0604002
2474,0605012
2475,0612003
2476,0610003
2477,0701011
2478,0703003
2479,0705002
2480,2053003
2481,2054002
2482,2054001
2483,2056004
2484,2058002
2485,2062001
2486,3372013
2487,3311012
2488,3311024
2489,3312001
2490,3224001
2491,3223001
2492,3221003
2493,3216004
2494,3216001
2495,1403005
2496,5202013
2497,5251011
2498,5251044
2499,5252031
2500,5101004
2501,9322002
2502,9342002
2503,9201023
2504,9201013
2505,9314001
2506,9111002
2507,2064001
2508,2662003
2509,2067004
2510,2069003
2511,2069001
2512,2092002
2513,2181003
2514,2181003
2515,2181002
2516,2621002
2517,2611011
2518,2664001
2519,2543021
2520,2171001
2521,2532011
2522,2532012
2523,2532033
2524,5305004
2525,5104001
2526,5105012
2527,5107003
2528,5108003
2529,5109002
2530,5111005
2531,5112002
2532,5113013
2533,5113022
2534,5116006
2535,5116001
2536,5117012
2537,5202021
2538,5441001
2539,5441004
2540,2174003
2541,2176004
2542,2176002
2543,2176001
2544,2131001
2545,2112003
2546,2113001
2547,2651022
2548,2218001
2549,2641003
2550,2151011
2551,2102002
2552,2103003
2553,2104003
2554,2106003
2555,0104051
2556,0105001
2557,0201011
2558,0303003
2559,0403003
2560,1005002
2561,1006013
2562,5442002
2563,5442001
2564,5071041
2565,5071034
2566,5071011
2567,5232011
2568,5232024
2569,5232021
2570,5261004
2571,5031026
2572,5601002
2573,5601006
2574,5601001
2575,5421013
2576,9223001
2577,9221003
2578,9222003
2579,9322003
2580,9231002
2581,9311002
2582,9121006
2583,9121005
2584,0137004
2585,5422001
2586,5041013
2587,5041023
2588,5041022
2589,5041021
2590,5081011
2591,5081021
2592,5082003
2593,5301001
2594,5304001
2595,9351003
2596,9251005
2597,9141004
2598,9141006
2599,9141001
2600,9131002
2601,9131004
2602,9332002
2603,9353004
2604,9213001
2605,9214001
2606,0140021
2607,0116001
2608,0114002
2609,0115003
2610,0117001
2611,0103041
2612,0111004
2613,0111001
2614,0112002
2615,5304003
2616,5309011
2617,5302001
2618,5302001
2619,5303004
2620,5021021
2621,5305005
2622,5411003
2623,5051014
2624,5051022
2625,5052002
2626,5451004
2627,9214002
2628,9215001
2629,9002002
2630,9003002
2631,9004004
2632,9004002
2633,9006004
2634,9008003
2635,9011001
2636,9011002
2637,9351004
2638,9261004
2639,3251003
2640,3251007
2641,3251002
2642,3251002
2643,3113003
2644,3883003
2645,3106013
2646,3106012
2647,3105003
2648,3103005
2649,3103002
2650,3101002
2651,3011021
2652,3011023
2653,0150021
2654,0105003
2655,0101005
2656,0133001
2657,0134001
2658,0135003
2659,0120023
2660,5451001
2661,5453003
2662,5451003
2663,5454004
2664,5454004
2665,5211013
2666,5212021
2667,5212022
2668,5202011
2669,2604022
2670,2607002
2671,2608001
2672,2611022
2673,2504001
2674,2506004
2675,3011013
2676,3011011
2677,3143011
2678,3141013
2679,3141012
2680,3131024
2681,3125023
2682,3122003
2683,3122001
2684,3121001
2685,3118001
2686,3117004
2687,3116002
2688,3116005
2689,9900000
2690,9900000
2691,9900000
2692,9900000
2693,9900000
2694,9900000
2695,9900000
2696,0104001
2697,0108002
2698,0109001
2699,0113001
2700,0130021
2701,0003013
2702,0003012
2703,0305003
2704,0817005
2705,2507003
2706,2511003
2707,2515005
2708,2517004
2709,2517001
2710,2052004
2711,2053001
2712,0146003
2713,0149003
2714,2109002
2715,2701002
2716,2701001
2717,3213004
2718,3213003
2719,3212003
2720,3212001
2721,3183002
2722,3181003
2723,3172033
2724,3172021
2725,3171022
2726,0921014
2727,0922001
2728,5091021
2729,5401011
2730,5401013
2731,5611002
2732,5061013
2733,5071013
2734,5062022
2735,5081013
2736,5062032
2737,5061021
2738,2044004
2739,2045001
2740,2046003
2741,2047011
2742,2047024
2743,2081014
2744,2082001
2745,2084002
2746,2084001
2747,2141003
2748,2161002
2749,2671023
2750,2522022
2751,7322033
2752,2515002
2753,8123002
2754,8124012
2755,8124013
2756,8124033
2757,8136011
2758,8136022
2759,8136023
2760,8104031
2761,8016042
2762,8132071
2763,8132093
2764,8132091
2765,8104143
2766,8138022
2767,8106011
2768,8107001
2769,8107004
2770,8109011
2771,8109023
2772,8110001
2773,8111022
2774,8112001
2775,8021005
2776,8112002
2777,8113025
2778,8113024
2779,8134012
2780,8134011
2781,8135002
2782,8135004
2783,3571004
2784,3572001
2785,3573001
2786,3574001
2787,3575002
2788,3576002
2789,3577001
2790,3577004
2791,8021006
2792,8023003
2793,8023001
2794,8024001
2795,8025003
2796,8025002
2797,8026016
2798,8130005
2799,8125001
2800,8126004
2801,8127022
2802,8125004
2803,8128001
2804,3578001
2805,3323003
2806,3323004
2807,3321004
2808,3322003
2809,3524001
2810,3527001
2811,3532002
2812,3534002
2813,3536001
2814,3538001
2815,3539001
2816,3540002
2817,3542002
2818,3544001
2819,3545002
2820,8122013
2821,8122023
2822,3512032
2823,3515002
2824,3372024
2825,3371022
2826,3351002
2827,3351005
2828,3351006
2829,3547002
2830,3549001
2831,3549003
2832,3421021
2833,4021014
2834,4022001
2835,4023002
2836,4024002
2837,4024005
2838,4071004
2839,4025002
2840,4051002
2841,3352001
2842,3354001
2843,3681011
2844,3681021
2845,3682003
2846,3683002
2847,3683004
2848,3685002
2849,3561003
2850,3561001
2851,3566012
2852,3563001
2853,3564001
2854,3565004
2855,3565006
2856,3566014
2857,4101004
2858,4103001
2859,4104002
2860,4421022
2861,4104003
2862,4422012
2863,4422022
2864,4211002
2865,4212003
2866,4061022
2867,4081024
2868,4071005
2869,3567022
2870,4162005
2871,4163004
2872,4163001
2873,4164001
2874,4164003
2875,4031005
2876,4031007
2877,4031004
2878,4572001
2879,4033003
2880,4034005
2881,4035001
2882,4226007
2883,4226001
2884,4228002
2885,4228001
2886,4043021
2887,4142003
2888,4091013
2889,4431022
2890,4431023
2891,4044004
2892,4431013
2893,4431021
2894,4191004
2895,4191002
2896,4194003
2897,4202012
2898,4202023
2899,4198001
2900,4003002
2901,4004001
2902,4007002
2903,4008002
2904,4009003
2905,4009002
2906,4010002
2907,4151022
2908,4231005
2909,4231006
2910,4231001
2911,3503002
2912,3504004
2913,3508002
2914,3510006
2915,3511003
2916,4179013
2917,4179023
2918,4180022
2919,4181011
2920,4182002
2921,4182004
2922,4203012
2923,4203011
2924,4211004
2925,4141003
2926,4141002
2927,4562001
2928,4564011
2929,4111004
2930,4112003
2931,4113012
2932,4111001
2933,4041001
2934,4042014
2935,4044003
2936,4042022
2937,4044005
2938,4021011
2939,4121001
2940,4121003
2941,4123004
2942,0415023
2943,0401001
2944,0411001
2945,0411003
2946,0413003
2947,0407021
2948,4123001
2949,4221002
2950,4224002
2951,4224001
2952,4226002
2953,0409002
2954,0409001
2955,0402003
2956,0413001
2957,0406001
2958,0401003
2959,0407013
2960,0408002
2961,0404003
2962,4401002
2963,4171002
2964,4172001
2965,4172003
2966,4174003
2967,4174001
2968,4175024
2969,4176011
2970,4431025
2971,4178014
2972,4178013
2973,4179014
2974,2107002
2975,8101001
2976,8131012
2977,8001013
2978,8002013
2979,8002021
2980,8003001
2981,8005003
2982,8005002
2983,8007002
2984,8012001
2985,8013004
2986,8013002
2987,8014011
2988,8015011
2989,8015023
2990,8016014
2991,8016013
2992,8016041
2993,8016051
2994,8016052
2995,3422011
2996,3423004
2997,3425002
2998,3426002
2999,3584003
3000,3584004
3001,3585003
3002,3586001
3003,3587002
3004,3412005
3005,3413001
3006,3414002
3007,3414005
3008,3415005
3009,3417003
3010,3417001
3011,3418001
3012,3391005
3013,3392003
3014,3393001
3015,3394004
3016,3395003
3017,3396004
3018,3397003
3019,3398011
3020,3398023
3021,4035003
3022,4035002
3023,4091022
3024,4132002
3025,4132004
3026,4134012
3027,4135003
3028,8017006
3029,8017001
3030,8018003
3031,8019011
3032,8020002
3033,3400001
3034,3401004
3035,3361006
3036,3361002
3037,3362001
3038,3363004
3039,3363006
3040,3364024
3041,3686001
3042,3363007
3043,3734002
3044,3735004
3045,3735002
3046,3736002
3047,3737004
3048,3739002
3049,3740001
3050,3344003
3051,8118001
3052,3740002
3053,3741003
3054,3742003
3055,3743002
3056,3744003
3057,3744005
3058,3746003
3059,3747002
3060,3748002
3061,3302001
3062,3342002
3063,3343001
3064,8118003
3065,8120023
3066,8120024
3067,8121014
3068,8121031
3069,8133012
3070,8133013
3071,8104121
3072,8137021
3073,8137022
3074,3826012
3075,3835012
3076,3835013
3077,3201022
3078,3201041
3079,3151002
3080,3164005
3080.ring1,3164005
3081,3163003
3082,3395001
3083,3421024
3084,3852011
3085,3702021
3086,3201043
3087,3119001
3088,3142003
3089,3251005
3090,3567016
3091,3631044
3092,2181001
3093,2181001
3094,2219022
3095,2525023
3096,2525022
3097,4173001
3098,4177022
3099,4195002
3100,4422011
3101,4226003
3102,4113021
3103,4563011
3104,4421031
3105,2532021
3106,2544011
3107,2543012
3108,2219011
3109,2060002
3110,2172012
3111,2508003
3112,2503001
3113,2544031
3114,2544032
3115,2082002
3116,4412041
3117,4131003
3118,4171004
3119,4196004
3120,4197002
3121,4421024
3122,4161013
3123,4422024
3124,2044001
3125,2044001
3126,2176005
3127,2176005
3128,2067002
3129,2114023
3130,2033014
3131,2201021
3132,2211001
3133,2104002
3134,2070002
3135,2072001
3136,2084004
3137,2131004
3138,2151023
3139,7313002
3140,7362003
3141,7328011
3142,7532001
3143,3882002
3144,3301004
3145,3120001
3146,7032002
3147,7191004
3148,7191002
3149,7161001
3150,7411012
3151,7303005
3152,7306003
3153,7320021
3154,3104001
3155,3125011
3156,3106021
3157,3107002
3158,3122004
3159,3116004
3160,3271023
3161,3523002
3162,3131013
3163,3141024
3164,3141025
3165,3585001
3166,3313002
3167,7329012
3168,7310022
3169,7424022
3170,7394005
3171,7411011
3172,7471011
3173,7281002
3174,7317001
3175,7330003
3176,7365004
3177,7291003
3178,7492002
3179,3172012
3180,3184001
3181,3578003
3182,3371012
3183,3201021
3184,3223003
3185,3641024
3186,3690001
3187,7561012
3188,7051005
3189,3341003
3190,3353013
3191,3361004
3192,3398022
3193,3681014
3194,3539002
3195,3419012
3196,3684002
3197,3545001
3198,3521011
3199,3521012
3200,3528001
3201,3543003
3202,3567013
3203,3567023
3204,3567024
3205,3702011
3206,3501043
3207,3613004
3208,3687001
3209,3736001
3210,9502004
3211,9505002
3212,9501001
3213,0102062
3214,0149002
3215,0130022
3216,0101042
3217,0008025
3218,0511014
3219,1707011
3220,0107023
3221,0103043
3222,0121024
3223,0131001
3224,0150022
3225,4223022
3226,8137025
3227,0001001
3228,0201012
3229,0404012
3230,5091022
3231,5251043
3232,5442003
3233,6531012
3234,6554002
3235,6111022
3236,6303004
3237,5454002
3238,5252042
3239,5253001
3240,5221024
3241,5251012
3242,5308024
3243,5421021
3244,5401031
3245,5401021
3246,6412002
3247,6417004
3248,6416002
3249,6413002
3250,6532034
3251,6517002
3252,0144023
3253,0151002
3254,0302001
3255,0107002
3256,0106001
3257,0120014
3258,0102063
3259,0148002
3260,0147002
3261,0145003
3262,0703004
3263,8120014
3264,8020001
3265,9812011
3266,8019012
3267,8101003
3268,8121041
3269,6525002
3270,5251041
3271,6528002
3272,6151003
3273,6161002
3274,6002033
3275,6102032
3276,6102024
3277,6313002
3278,6122001
3279,6421001
3280,6304001
3281,9856001
3282,5062041
3283,5308021
3284,5001043
3285,5062043
3286,5091011
3287,5110001
3288,5104003
3289,5111002
3290,5232012
3291,5116004
3292,5252033
3293,6533012
3294,0909012
3295,0003011
3296,1001001
3297,9803001
3298,1201041
3299,0203033
3300,0924004
3301,1101035
3302,1304063
3303,1401052
3304,1705012
3305,9801011
3306,9801011
3307,9801011
3308,9801011
3309,9801011
3310,9801011
3311,9801011
3312,9801011
3313,1705021
3314,3411011
3315,5021014
3316,0601014
3317,1805003
3318,1102011
3319,1202011
3320,0005042
3321,0102034
3322,1201031
3323,1101032
3324,0408012
3325,0910011
3326,8205006
3327,8225004
3328,8216012
3329,0506002
3330,9009005
3331,4113011
3332,4061023
3333,4421032
3334,4091012
3335,4104005
3336,4191003
3337,4161011
3338,0415022
3339,0405011
3340,8001021
3341,0405022
3342,0407011
3343,0415013
3344,8113021
3345,8106021
3346,8106012
3347,8104142
3348,7304011
3349,6551002
3350,6501023
3351,6410003
3352,0003022
3353,0705001
3354,8203002
3355,8208012
3356,8204001
3357,8205002
3358,8206001
3359,8202034
3360,8202031
3361,8226062
3362,8202042
3363,8202033
3364,6321003
3365,8223002
3366,8224012
3367,8224014
3368,8224021
3369,8224023
3370,8209001
3371,8209002
3372,8214001
3373,8215003
3374,8226012
3375,6312004
3376,6002031
3377,6140002
3378,6412001
3379,6554003
3380,6461031
3381,6551001
3382,6511002
3383,6518002
3384,6520001
3385,6522002
3386,6533014
3387,6311002
3388,6502013
3389,8216011
3390,8219011
3391,8219033
3392,8222001
3393,8222003
3394,8210003
3395,8201013
3396,6509003
3397,6532031
3398,6523003
3399,6525001
3400,6542001
3401,6122003
3402,6422002
3403,6504002
3404,6451031
3405,6424003
3406,6514003
3407,6407002
3408,6406001
3409,6416001
3410,6461013
3411,6312002
3412,6461042
3413,6141011
3414,6441022
3415,6451032
3416,6141021
3417,6502021
3418,6506002
3419,6504003
3420,6502012
3421,6541003
3422,6542002
3423,6516001
3424,6519001
3425,6520002
3426,6317004
3427,6102023
3428,6302003
3429,6318002
3430,6102033
3431,6331001
3432,6422004
3433,6141013
3434,6505002
3435,6417003
3436,1302002
3437,6303002
3438,6122004
3439,6002021
3440,6316001
3441,6302005
3442,6141023
3443,6313001
3444,6317003
3445,6303003
3446,6121002
3447,6140001
3448,6133002
3449,6531013
3450,6332003
3451,6139023
3452,6002041
3453,6318003
3454,6514001
3455,6139021
3456,6524001
3457,6401002
3458,6414003
3459,6417001
3460,7042001
3461,7211022
3462,7601003
3463,7081005
3464,7301005
3465,7461003
3466,7431002
3467,7531004
3468,7521001
3469,7011002
3470,7443001
3471,7581011
3472,7391002
3473,7491003
3474,7121014
3475,7402001
3476,7151001
3477,7301004
3478,7502001
3479,7531002
3480,7301002
3481,7401011
3482,7102001
3483,7081003
3484,7163002
3485,7521004
3486,7401022
3487,7107002
3488,7103001
3489,7614005
3490,7081001
3491,7324003
3492,7316002
3493,7351004
3494,7071001
3495,7106003
3496,7451002
3497,7371002
3498,7330002
3499,7362002
3500,7391001
3501,7532003
3502,7261004
3503,7221003
3503.ring1,7221003
3504,7096001
3505,7221002
3506,7611003
3507,7251002
3508,2003004
3509,7011004
3510,7395003
3511,7531003
3512,7096003
3513,7575004
3514,7101004
3515,7101003
3516,7031003
3517,7106005
3518,7075002
3519,7191001
3520,7491001
3521,7261002
3522,7284002
3523,7251001
3524,7110001
3525,7561023
3526,7574002
3527,7573001
3528,2002002
3529,2003001
3530,2002001
3531,2004002
3532,7492001
3533,7442003
3534,7491004
3535,7395004
3536,7581024
3537,7319004
3538,7074002
3539,7323011
3540,7311014
3541,7331022
3542,7329021
3543,7074003
3544,7322021
3545,7393002
3546,7323022
3547,7284003
3548,7211023
3549,7561022
3550,7423004
3551,7451001
3552,7542001
3553,7351001
3554,7221001
3555,7491002
3556,7033001
3557,7311011
3558,7311021
3559,7303004
3560,7282002
3561,7302005
3562,7308013
3563,7302003
3564,7291002
3565,7314002
3566,7361003
3567,7311013
3568,7361001
3569,7611002
3570,7601001
3571,7001003
3572,7181001
3573,7326005
3574,7614001
3575,7324005
3576,7325002
3577,7326002
3578,7392002
3579,7131003
3580,7395001
3581,7544001
3582,7361002
3583,7261003
3584,7262003
3585,7261005
3586,7471012
3587,7201001
3588,7541001
3589,7552003
3590,7330001
3591,7181002
3592,7611001
3593,7431001
3594,7105003
3595,7097013
3596,7097015
3597,7402002
3598,7382021
3599,7532002
3600,7094002
3601,7323013
3602,2662002
3603,2219021
3604,2001002
3605,3164001
3606,3103003
3607,2105002
3608,2217001
3609,2213004
3610,8138012
3611,9334003
3612,1008005
3613,9241003
3614,2601001
3615,0139004
3616,8219042
3617,3687002
3618,0006022
3619,3155005
3620,8209004
3621,1011024
3622,3871003
3623,3419024
3624,5221013
3625,2102003
3626,2121003
3627,2057005
3628,3735003
3629,8026011
3630,7382012
3631,3746001
3632,3652013
3633,8117001
3634,2603013
3635,7106001
3636,8208011
3637,2216002
3638,2231001
3639,2083002
3640,3672001
3641,5011012
3642,5251013
3643,1005001
3644,0412002
3645,4212005
3646,6461012
3647,3512034
3648,7441013
3649,3171032
3650,2045003
3651,4151011
3652,2603022
3653,3212002
3654,6101001
3655,8002012
3656,8213003
3657,9111003
3658,3271022
3659,6318004
3660,4197001
3661,8015031
3662,3393002
3663,9313002
3664,7073002
3665,2611013
3666,0135001
3667,3155002
3668,6332002
3669,3182001
3670,7314003
3671,3154022
3672,3567027
3673,9352002
3674,4421013
3675,2523004
3676,2517002
3677,4196001
3678,7329011
3679,3116001
3680,8016023
3681,0148003
3682,6503003
3683,7394001
3684,3662011
3685,7305003
3686,3538003
3687,7544002
3688,1801011
3689,2107003
3690,2091001
3691,3344004
3692,6321006
3693,3125022
3694,3114002
3695,2216001
3696,5423004
3697,5261002
3698,0145002
3699,7271002
3700,0901004
3701,3825001
3702,3631041
3703,3837002
3704,2221003
3705,6136002
3706,3211003
3707,7531001
3708,0118011
3709,7561011
3710,4226004
3711,8131022
3712,6312003
3713,8016011
3714,4412031
3715,3651001
3716,2172024
3717,6141022
3718,4161012
3719,0102082
3720,8116001
3721,3323002
3722,6321001
3723,2522011
3724,5091012
3725,2065002
3726,0102041
3727,8225002
3728,0407024
3729,9353003
3730,6001002
3731,4181012
3732,2083004
3733,2042002
3734,3271021
3735,8203005
3736,4175014
3737,7191003
3738,3510003
3739,4113013
3740,0114003
3741,6312005
3742,3839011
3743,3747001
3744,4561012
3745,3536005
3746,8121012
3747,4564024
3748,3613003
3749,8101002
3750,6301021
3751,6531021
3752,7307005
3753,2011003
3754,3683005
3755,1605011
3756,5306004
3757,2543022
3758,7572002
3759,3601001
3760,4421011
3761,9314002
3762,2031005
3763,6313003
3764,3125012
3765,5001031
3766,0102081
3767,9008004
3768,5411002
3769,6131002
3770,7111001
3771,6441012
3772,4051004
3773,7502004
3774,8110005
3775,3689012
3776,3837001
3777,7001004
3778,7111002
3779,0819002
3780,3411013
3781,7302006
3782,8205001
3783,5011013
3784,2047022
3785,7471021
3786,3821001
3787,0414002
3788,0405012
3789,2603011
3790,8219041
3791,6303001
3792,6331002
3793,3172011
3794,0121022
3795,0403001
3796,8135003
3797,3364013
3798,3215001
3799,5308012
3800,8214004
3801,0139001
3802,1706014
3803,1603002
3804,0702002
3805,0922002
3806,5062042
3807,5201002
3808,5232022
3809,5031011
3810,4563021
3811,9261003
3812,2105001
3813,9855001
3814,7108001
3815,3173022
3816,0126021
3817,0109002
3818,5071012
3819,2072002
3820,5201003
3821,0129002
3822,3672006
3823,3131011
3824,7329014
3825,1004002
3826,2021013
3827,8110002
3828,0501012
3829,3691004
3830,8132092
3831,4227001
3832,3120002
3833,8102001
3834,0904002
3835,3363005
3836,3424004
3837,3162023
3838,2064002
3839,1105022
3840,0919002
3841,0104004
3842,3681022
3843,3581003
3844,7552001
3845,1602002
3846,4005003
3847,3102003
3848,9008005
3849,1606023
3850,7074001
3851,0139003
3852,7094001
3853,4081023
3854,8132081
3855,9111001
3856,3541003
3857,2532042
3858,8015022
3859,2055002
3860,3173023
3861,3216002
3862,1301003
3863,8102003
3864,0411004
3865,3651003
3866,4222001
3867,2544023
3868,4153002
3869,0916002
3870,7292001
3871,0813002
3872,0203012
3873,2092004
3874,0101043
3875,0924003
3876,9811001
3877,4042021
3878,2231002
3879,3737002
3880,3336005
3881,4223024
3882,3399001
3883,7394003
3884,7322031
3885,4182003
3886,1104035
3887,7541003
3888,7271003
3889,7571003
3890,1008004
3891,0120011
3892,5211022
3893,0126011
3894,7171001
3895,9812021
3896,7284001
3897,2604012
3898,4177011
3899,4179015
3900,3511005
3901,4226006
3902,8129022
3903,8134013
3904,3421012
3905,4034002
3906,8017003
3907,3397001
3908,3401005
3909,0127004
3910,3143022
3911,0415021
3912,0410003
3913,3342003
3914,3344002
3915,2516003
3916,2213001
3917,2682001
3918,2531004
3919,8216023
3920,3571002
3921,5021011
3922,3745005
3923,3823002
3924,3214002
3925,3281002
3926,3261022
3927,4161021
3928,5241013
3929,0808012
3930,4001004
3931,7022001
3932,3011022
3933,5105033
3934,2063004
3935,8223001
3936,3385003
3937,8022003
3938,3425003
3939,4180043
3940,5102003
3941,3513001
3942,4043014
3943,3302004
3944,3738002
3945,7444002
3946,8005001
3947,6318001
3948,2606001
3949,6425001
3950,4571002
3951,7444003
3952,7091002
3953,0408003
3954,4162006
3955,4561022
3956,8104033
3957,3631022
3958,5012022
3959,7392004
3960,0108023
3961,2641002
3962,5611001
3963,4179022
3964,3396003
3965,3183003
3966,0817001
3967,0152001
3968,7363001
3969,2174004
3970,7306005
3971,8126001
3972,0121021
3973,6542003
3974,3507005
3975,7075003
3976,6425002
3977,0912001
3978,8202021
3979,7312033
3980,3546001
3981,4180041
3982,6171022
3983,3686003
3984,3871002
3985,7481001
3986,0410002
3987,6521001
3988,3115002
3989,0511011
3990,1004003
3991,3107003
3992,7241001
3993,2101001
3994,0008032
3995,0007013
3996,2091004
3997,2508002
3998,4021023
3999,7092014
4000,6138002
4001,0813003
4002,0910013
4003,2043003
4004,5113021
4005,2604013
4006,3837004
4007,5211011
4008,0601012
4009,3511004
4010,4177013
4011,4572002
4012,2611021
4013,1402012
4014,0106001
4015,7423003
4016,0127003
4017,3313003
4018,9121002
4019,7613002
4020,5031013
4021,2031001
4022,8134032
4023,6301012
4024,2161001
4025,8201022
4026,4034003
4027,7033002
4028,0808011
4029,0924001
4030,8129023
4031,5422003
4032,2232001
4033,3171033
4034,0121011
4035,3641023
4036,5422002
4037,2663003
4038,4031006
4039,4571001
4040,7312034
4041,7309022
4042,8116003
4043,4001002
4044,3105001
4045,3241012
4046,6133004
4047,1011011
4048,4225012
4049,7121011
4050,0130024
4051,7103002
4052,2131005
4053,5041024
4054,3550003
4055,2057002
4056,3851003
4057,2604023
4058,3835021
4059,1001003
4060,3824003
4061,3311021
4062,3373004
4063,2141002
4064,3587001
4065,6441013
4066,2021011
4067,9007004
4068,2121004
4069,4193001
4070,0132003
4071,3602002
4072,0133002
4073,3125013
4074,2526011
4075,5071042
4076,8004005
4077,6515004
4078,2661001
4079,5611003
4080,5091013
4081,8136021
4082,7241003
4083,7101001
4084,2523006
4085,7283002
4086,7131004
4087,7282001
4088,5442004
4089,8111021
4090,4141004
4091,5306001
4092,2114022
4093,2002003
4094,0801001
4095,2041021
4096,2671021
4097,2022002
4098,2141004
4099,2032002
4100,2526012
4101,2631002
4102,0707001
4103,0810013
4104,0814001
4105,0901001
4106,0907001
4107,0916003
4108,0920002
4109,0305002
4110,2175004
4111,8018001
4112,0104041
4113,1001005
4114,0002023
4115,0004011
4116,0006011
4117,9334001
4118,2054003
4119,2064004
4120,2092001
4121,2662001
4122,3362006
4123,3364023
4124,3731001
4125,3738003
4126,3743003
4127,3301001
4128,0007043
4129,1704004
4130,2111001
4131,2651014
4132,2151021
4133,3343002
4134,0203031
4135,1702004
4136,0502002
4137,0507001
4138,0106003
4139,0143003
4140,0101002
4141,0136001
4142,2506001
4143,1008006
4144,1104011
4145,1106011
4146,1205001
4147,1302004
4148,1402024
4149,1601011
4150,0607002
4151,0703002
4152,0407014
4153,0404001
4154,5601003
4155,5601003
4156,5081012
4157,5082001
4158,5114002
4159,5116002
4160,5441002
4161,5071031
4162,5261001
4163,9231001
4164,9351001
4165,9141003
4166,9333001
4167,2052001
4168,5307001
4169,5307001
4170,5431002
4171,5452002
4172,5051011
4173,9004003
4174,9008002
4175,9261001
4176,3161012
4177,3154031
4178,3621001
4179,8119002
4180,5611004
4181,5071043
4182,5221022
4183,5012021
4184,3672004
4185,3662021
4185.ring1,3662021
4186,3651002
4187,3691002
4188,3703003
4189,3311023
4190,3611005
4191,3271011
4192,4002003
4193,4009001
4194,4012002
4195,8104123
4196,8130001
4197,8003004
4198,8006002
4199,8015014
4200,8016053
4201,3424003
4202,3583002
4203,3412001
4204,3416004
4205,3419025
4206,3231004
4207,8123004
4208,8104032
4209,3394001
4210,3398013
4211,4121004
4212,3251001
4213,3103004
4214,0407023
4215,5251042
4216,5106001
4217,4182001
4218,4143001
4219,4564023
4220,4112002
4221,4043011
4222,8132041
4223,8131021
4224,8108001
4225,8113011
4226,8134014
4227,8128004
4228,3577002
4229,3323005
4230,3530003
4231,3537005
4232,3542003
4233,3550001
4234,4024001
4235,2532032
4236,0104081
4237,3384001
4238,3336003
4239,3881002
4240,3871001
4241,3213001
4242,3171031
4243,3165003
4244,3101003
4245,3001002
4246,3131022
4247,3117003
4248,3114004
4249,4175011
4250,4178012
4251,4121002
4252,4225024
4253,4025001
4254,4101002
4255,4211003
4256,4071003
4257,4031003
4258,4034001
4259,3838002
4260,3835022
4261,3826022
4262,3822003
4263,8025006
4264,8127013
4265,8128002
4266,3373003
4267,3354004
4268,3685003
4269,3564002
4270,3565005
4271,4228003
4272,3510005
4273,4180024
4274,4421021
4275,4431012
4276,4081021
4277,0701018
4278,0144021
4279,0128003
4280,9503071
4281,9503071
4282,9503071
4283,0103063
4284,0118012
4285,0103062
4286,5454005
4287,5309022
4288,0101033
4289,6002042
4290,6532041
4291,6111012
4292,6311003
4293,1006032
4294,1707022
4295,1202013
4296,1006031
4297,9816001
4298,1106073
4299,2004001
4300,8201011
4301,0511013
4302,5021022
4303,5110002
4304,5112005
4305,8203004
4306,8224011
4307,8224024
4308,8214003
4309,8211002
4310,4225022
4311,4421033
4312,8137012
4313,3398021
4314,3586006
4315,3531012
4316,3419011
4317,3506004
4318,3543002
4319,3734001
4320,3746002
4321,3424005
4322,4203021
4323,4192002
4324,4222006
4325,4412042
4326,2032001
4327,2032001
4328,2033022
4329,8133043
4330,8129011
4331,8132052
4332,2611023
4333,7541004
4334,3882001
4335,3662023
4336,3173011
4337,3154012
4338,0405021
4339,7022002
4340,7305002
4341,3171011
4342,7511013
4343,7411021
4344,7511011
4345,2217002
4346,2081012
4347,2521021
4348,2526013
4349,8208013
4350,8225001
4351,8217001
4351.ring1,8217001
4352,9006005
4353,6311001
4354,6332001
4355,6122002
4356,6137002
4357,6408003
4358,6415001
4359,7051004
4360,7325001
4361,7373002
4362,7444001
4363,7231003
4364,7571001
4365,7381003
4366,7451003
4367,7281001
4368,7305001
4369,7365001
4370,7292003
4371,7373001
4372,7443004
4373,7291001
4374,7611004
4375,7105001
4376,7561021
4377,7011005
4378,7106004
4379,7401013
4380,7552002
4381,7161004
4382,7381002
4383,7121012
4384,6522003
4385,6515002
4386,6533041
4387,6121003
4388,6171021
4389,6533011
4390,6461041
4391,6424002
4392,6424001
4393,6322002
4394,6541001
4395,6517001
4396,6510022
4397,6402002
4398,6151004
4399,7121021
4400,7481002
4401,2047013
4402,7032003
4403,7102006
4404,7283003
4405,7308011
4406,7575003
4407,0104032
4408,7151002
4409,4122002
4410,3214001
4411,7581021
4412,9251002
4413,4564021
4414,8220001
4415,8131011
4416,1402011
4417,3412002
4418,7461001
4419,3401003
4420,0608004
4421,0105003
4422,2526022
4423,5301002
4424,3354002
4425,1707025
4426,0921011
4427,8215001
4428,5041012
4429,3171014
4430,9251007
4431,3662022
4432,2141001
4433,6442002
4434,8133031
4435,9131001
4436,4198002
4437,9504002
4438,8205005
4439,7392001
4440,3514044
4441,3383003
4442,0143004
4443,3745003
4444,4021022
4445,8211001
4446,7401012
4447,3332003
4448,6531022
4449,6402003
4450,0122002
4451,4201004
4452,0402002
4453,7443003
4454,4191001
4455,3704004
4456,1203014
4457,0107004
4458,7001001
4459,5041011
4460,7352001
4461,2211003
4462,2051001
4463,5221012
4464,8131013
4465,5021013
4466,7382022
4467,0136002
4468,5308011
4469,4561021
4470,7352002
4471,7095011
4472,5051012
4473,4061021
4474,9502002
4475,0608002
4476,2004004
4477,0004013
4478,7501003
4479,6527002
4480,7501001
4481,3534001
4482,9004001
4483,0137002
4484,9323001
4485,8126003
4486,7581025
4487,3839021
4488,6112022
4489,1201052
4490,1303002
4491,0408013
4492,7073001
4493,7552004
4494,0506001
4495,0138003
4496,8133041
4497,9352003
4498,9334002
4499,9241002
4500,3681012
4501,7201002
4502,8014012
4503,5261005
4504,0820001
4505,0612001
4506,3686004
4507,5611005
4508,2173004
4509,3336001
4510,0705004
4511,6312001
4512,6503002
4513,7371003
4514,3222002
4515,3152002
4516,3171013
4517,8003002
4518,4223012
4519,2201011
4520,2201011
4521,2201011
4522,2201011
4523,2201022
4524,4061024
4525,7283001
4526,7328022
4527,7102004
4528,7306002
4529,2033023
4530,2151013
4531,8204002
4532,0149001
4533,0150011
4534,0120012
4535,8225003
4536,9807001
4537,7108003
4538,7107001
4539,7614002
4540,7393001
4541,1803013
4542,3362005
4543,0511012
4544,3421013
4545,3514035
4546,3826013
4547,3261011
4548,5308022
4549,5252041
4550,6138001
4551,6111021
4552,5401012
4553,9815021
4554,0203032
4555,8004004
4556,8121042
4557,3184002
4558,5309012
4559,6317001
4560,7292002
4561,7391004
4562,7308022
4563,7081004
4564,0133003
4565,5303001
4566,5303001
4567,3397002
4568,5105021
4569,2525013
4570,4021021
4571,0904004
4572,3506001
4573,0103061
4574,7262005
4575,3501031
4576,4051003
4577,2505003
4578,5302003
4579,9213002
4580,3503001
4581,2046001
4582,4131001
4583,2131002
4584,3530001
4585,4134021
4586,0121013
4587,7544003
4588,2113003
4589,2661003
4590,7092021
4591,4041003
4592,4223011
4593,6407003
4594,1707023
4595,6131003
4596,6461032
4597,6311007
4598,6552005
4599,6451033
4600,0127001
4601,3510001
4602,3683003
4603,8132061
4604,6501022
4605,0607001
4606,1805001
4607,2053002
4608,2042001
4609,1009001
4610,6461033
4611,6134001
4612,7181003
4613,3739004
4614,8209003
4615,9008001
4616,1301007
4617,9352004
4618,2060001
4619,0108022
4620,2033011
4621,8124031
4622,3840021
4623,0138002
4624,1201042
4625,1601015
4626,8132051
4627,0505001
4628,0907003
4629,0004012
4630,5453004
4631,5231001
4632,2518003
4633,2175003
4634,6533013
4635,7382011
4636,2664004
4637,3839013
4638,3641021
4639,3213006
4640,0130023
4641,0409004
4642,5115003
4643,1206003
4644,2082004
4645,4172005
4646,3504003
4647,4142001
4648,3682002
4649,4002001
4650,9215002
4651,5104002
4652,0107011
4653,8136015
4654,3535001
4655,4164002
4656,8013003
4657,3412004
4658,3396005
4659,3363002
4660,3342001
4661,3411023
4662,2032005
4663,7394002
4664,3548002
4665,1404006
4666,1703001
4667,9323002
4667.ring1,9323002
4668,3211001
4669,3171021
4670,7310023
4671,6302001
4672,7061002
4673,7231001
4674,0109003
4675,0101001
4676,3143015
4677,3593003
4678,3103001
4679,2056002
4680,2661002
4681,2175006
4682,2114021
4683,3142001
4684,3115001
4685,8137011
4686,8002011
4687,8015032
4688,3411021
4689,3391004
4690,4132003
4691,8019022
4692,3701024
4693,3737003
4694,3301002
4695,1104033
4696,1204002
4697,1401024
4698,0415011
4699,0413002
4700,0405013
4701,0509011
4702,0610002
4703,5081022
4704,5303003
4705,5052004
4706,7441015
4707,7320022
4708,7364002
4709,0811003
4710,5101003
4711,5107004
4712,5117015
4713,5071032
4714,9333002
4715,9241001
4716,9006001
4717,3331002
4718,7401021
4719,3851001
4720,4112004
4721,4042023
4722,7411013
4723,7319001
4724,7102003
4725,7251005
4726,3641012
4727,3689023
4728,3231001
4729,8026014
4730,8128003
4731,3353011
4732,3563002
4733,3565003
4734,4091011
4735,4202021
4736,4012001
4737,8124014
4738,8130003
4739,8110003
4740,3574003
4741,3321002
4742,3546004
4743,4024004
4744,4061012
4745,2001001
4746,5061024
4747,2045002
4748,2081022
4749,2671022
4750,2621003
4751,2691005
4752,1001006
4753,7392003
4754,7322011
4755,7163003
4756,7328023
4757,3513003
4758,2031007
4759,2515001
4760,5308023
4761,1803012
4762,1402022
4763,2107001
4764,0906002
4765,6101002
4766,6413003
4767,7442005
4768,1606025
4769,8208014
4770,6522001
4771,0407012
4772,0111002
4773,1404002
4774,3394002
4775,6301024
4776,6516004
4777,6515001
4778,1402021
4779,2524002
4780,4203023
4781,6102021
4782,4003001
4783,2532041
4784,7171002
4785,1206001
4786,3163006
4787,3392006
4788,3840022
4789,7316006
4790,2172023
4791,2214001
4792,1605015
4793,0604003
4794,0812002
4795,0920001
4796,0153003
4797,0923002
4798,1009003
4799,7301003
4800,0203011
4801,0101032
4802,5201001
4803,0408004
4804,0709002
4805,9002005
4806,2083003
4807,2047021
4808,4081014
4809,3535002
4810,2051002
4811,3565002
4812,3872022
4813,3211002
4814,2525012
4815,4001001
4816,6403001
4817,0901005
4818,7326003
4819,2681002
4820,2081013
4821,4203013
4822,6112021
4823,1303001
4824,0917003
4825,8115002
4826,8025005
4827,3514031
4828,3564007
4829,4178015
4830,8124041
4831,3578002
4832,4161022
4833,8004002
4834,3418004
4835,3744004
4836,7318006
4837,0113003
4838,7575002
4839,7121013
4840,3152003
4841,7319002
4842,7324006
4843,3701022
4844,6139012
4845,6515003
4846,0610001
4847,2106001
4848,3511001
4849,3502001
4850,3362002
4851,4177014
4852,7443002
4853,3883004
4854,0106004
4855,3821002
4856,1302005
4857,7572001
4858,6422001
4859,8025001
4860,0819001
4861,0810014
4862,3739003
4863,6552004
4864,4572005
4865,4181022
4866,8121013
4867,3123002
4868,2532043
4869,4422023
4870,6532032
4871,6526001
4872,3363003
4873,5201004
4874,5105032
4875,6136001
4876,6501011
4877,2173005
4878,3335012
4879,7092012
4880,3540003
4881,7306004
4882,8210001
4883,2541005
4884,8223003
4885,4011002
4886,2522021
4887,5061023
4888,9900000
4889,1202012
4890,4164007
4891,1009002
4892,7365005
4893,7241002
4894,7372002
4895,2105003
4896,3839016
4897,3632023
4898,1701006
4899,2181004
4900,3683001
4901,8015033
4902,1302001
4903,0711011
4904,0146002
4905,2108003
4906,2511002
4907,3671002
4908,3513002
4909,0122004
4910,4180021
4911,4175021
4912,3504001
4913,8023005
4914,5022003
4915,0510003
4916,3371011
4917,3372011
4918,5107001
4919,3399005
4920,4006003
4921,4164006
4922,9201014
4923,6401001
4924,2067003
4925,4153001
4926,3173012
4927,6506003
4928,2067001
4929,0915003
4930,3591001
4931,5105025
4932,1101036
4933,7311022
4934,7315004
4935,4033002
4936,4061013
4937,3748001
4938,2053004
4939,3215003
4940,0118023
4941,4021024
4942,8134041
4943,4006002
4944,3611003
4945,1007002
4946,7552005
4947,3524002
4948,3512033
4949,3564008
4950,4071001
4951,4198003
4952,0702003
4953,5211014
4954,0407022
4955,3732001
4956,3411024
4957,0914001
4958,3102004
4959,8021001
4960,1304061
4961,9505001
4962,3321003
4963,7316005
4964,7104002
4965,0303002
4966,2004005
4967,0131002
4968,7097011
4969,6451023
4970,2044003
4971,4151024
4972,6401005
4973,5011022
4974,7097014
4975,3165005
4976,3124001
4977,6315002
4978,1301005
4979,3688005
4980,2051003
4981,9005002
4982,3241011
4983,3201023
4984,8227001
4985,2051005
4986,7551001
4987,3415001
4988,3384004
4989,3391003
4990,7314001
4991,3112002
4992,0006012
4993,7324002
4994,3172032
4995,7315005
4996,5106003
4997,3162013
4998,4061011
4999,3106022
5000,3537002
5001,2514003
5002,2682002
5003,3581004
5004,2059001
5005,0415012
5006,2031004
5007,2031004
5008,0005022
5009,0820002
5010,9261002
5011,3419022
5012,0821001
5013,6405004
5014,3511002
5015,0904001
5016,1601014
5017,3641011
5018,1104032
5019,3689011
5020,3152001
5021,0113002
5022,7302001
5023,2061002
5024,5117021
5025,7313003
5026,8134042
5027,0110022
5028,3172022
5029,2083001
5030,6134002
5031,3689022
5032,0512001
5033,3421023
5034,7011001
5035,8127021
5036,8127021
5037,3532003
5038,3567011
5039,4143003
5040,8223004
5041,0140022
5042,3416003
